Dept;Phone;LOC
East;866-259-6394;DB59*1-2O7K2Q
East;866-363-8213;DB59*1-2O7K1N
East;888-516-5490;DB59*1-4H28HH
East;800-983-4218;DB59*1-DETTHW
East;888-772-7045;DB59*1-DETTHZ
East;800-264-7591;DB59*1-4NK1HV
East;800-583-6052;DB59*1-IV24EU
East;888-772-7091;DB59*1-IV24EX
East;800-983-4238;DB59*1-4WAL09
East;888-220-2086;DB59*1-4WAL0C
East;866-389-1467;DB59*1-DETTI2
East;800-983-4199;DB59*1-DETTI5
East;800-445-0375;DB59*1-DETTI8
East;800-983-4234;DB59*1-G0K63B
East;866-443-2536;IM59*1-2CXFA9
East;800-307-7312;IM59*1-2DZH3B
East;800-983-4231;DB59*1-2RUQZU
East;800-445-0849;IM59*1-2TTWF5
East;800-983-0739;DB59*1-72W9W6
East;866-363-8216;DB59*1-DHW8NX
East;888-772-7090;DB59*1-DV3QQR
East;800-445-0893;DB59*1-IVMRD5
East;800-466-9189;IM59*1-2G4AEB
East;800-527-1571;IM59*1-2G4AEE
East;866-389-1459;IM59*1-2RNIAV
East;800-465-4213;DB59*1-39B1TN
East;888-229-2635;DB59*1-3HRWWK
East;888-772-7061;DB59*1-43X1H6
East;888-229-2630;DB59*1-44P8VM
East;800-307-7019;DB59*1-4AOG10
East;800-983-4240;DB59*1-4AOG0R
East;888-229-2634;IM59*1-28OHEE
East;800-527-1589;DB59*1-2QMSQ0
East;800-943-3704;DB59*1-3FBRHQ
East;866-696-6824;DB59*1-2Z9ZBM
East;866-389-1464;DB59*1-3HRWWH
East;800-583-5957;DB59*1-72W9VX
East;800-306-9902;DB59*1-72W9W0
East;800-527-1688;DB59*1-2QI25W
East;888-772-7089;DB59*1-HQ8U9V
East;800-353-7082;DB59*1-IS5HPX
East;888-240-3260;DB59*1-I49187
East;866-259-6395;DB02*1-2V9GBR
East;888-357-9197;DB59*1-CAJLL3
East;888-229-2648;DB59*1-CAJLL6
East;866-300-3009;DB59*1-CAJLL9
East;866-682-4200;DB59*1-CAJLLC
East;888-209-5557;RZ59*1-3XULCX
East;866-389-1458;DB59*1-2JJBRP
East;800-353-7336;DB59*1-4IG5P3
Resales;800-583-6052;DB59*1-4YENER
Resales;888-772-7091;DB59*1-4YENEU
Resales;800-527-1889;DB59*1-4QZBKF
Resales;800-353-7089;DB59*1-4QZBKI
Resales;800-527-1748;DR59*1-CCZKZ3
Resales;888-240-3265;DR59*1-CCZKZ6
Resales;800-583-5942;DR59*1-EJMRDV
Resales;866-363-8211;DR59*1-EJMRE1
Resales;866-389-1458;DB59*1-2JJBRP
Resales;866-389-1461;DR59*1-9F2V0H
Resales;800-353-7108;DR59*1-BNX9UP
Resales;800-353-7336;DB59*1-4IG5P3
Resales;888-229-2441;0
Resales;888-240-2239;DB20*1-2SVPFP
Resales;877-513-4386;DB12*1-3IOFVE
Resales;888-772-7086;DB29*1-3N9QHD
Resales;800-353-7086;0
Resales;888-240-2239;Resale POS Referral
Resales;800-527-1787;BRKR_RSL_REF
Resales;800-734-0841;0
East;407-239-7222 Ext. 3858;LA59*1-GE5NSS
