# catalogVersion;syncItemKey;pk;airportName;airportPhoneNumber;drivingDirection;hotelDirection;mvwcTransportInfo;shuttleServiceFlag;transportHelpInfo
Output Catalog:Online;PA-resortMapOption-BKK-001;8797312630402;Suvarnabhumi International Airport - BKK;+66 2 132 1888;"Take the Rama 9 Expressway and turn left onto Din Daeng/Dao Kanong Route. Continue to Rama III (Chongnonsee &mdash; Nanglinchee) and merge onto Naradhiwas Rajanagarindra Road. Continue to Soi 6. Marriott Vacation Club at The Empire Place<sup>&copy;</sup> is on the left between Soi 6 and 4.";;8797312597634;true;"<ul>
<li>Alternate transportation: Member Services can arrange transportation for a fee.</li>

<br/>

<li>Estimated taxi fare: $15 - $25 USD (one way).</li>
</ul>"
Output Catalog:Online;au-resortMapsTransportation-Directions-OOL-001;8796849454722;Gold Coast Airport - OOL;+61 75 589 1100;Depart Eastern Ave. At the roundabout, take the 2nd exit onto Terminal Dr. Bear left onto 2 / Gold Coast Hwy. Arrive at 2 / Ferny Ave / Gold Coast Hwy on the left.;14.2 miles NW;8796849421954;;"<ul>
<li>Alternate transportation: Hughes Limousines - Valid for 4 persons. Additional person is extra, fee: 77 AUD (one way); reservation required </li>
<li>Bus service, fee: 19 AUD (one way) </li>
<li>Estimated taxi fare: 65 AUD (one way) </li> 
</ul>"
Output Catalog:Online;airport_17_for_MapAndTransportation_00001;8796494216834;Orlando International Airport - MCO;407-825-2001;Follow signs to North exit. Take 528 W (toll road) to exit #1 (Int'l Dr/Sea World exit). Turn left on Int'l Dr. At traffic light, make a right on Westwood Blvd. Marriott's Harbour Lake is located approx 1 1/2 miles on right.;12.7 mi W;8796494184066;false;"<ul><li>Alternate Transportation: Hema Transportation; reservation required</li><li>Estimated taxi fare: $55 USD (one way)</li></ul>"
Output Catalog:Online;airport_8_for_MapAndTransportation_00002;8796483239554;Fort Lauderdale-Hollywood International Airport - FLL;954-359-1200;Follow signs to 1-595 West. merge onto 1-595 West and go approx. 13 miles. Merge onto 1-75 (Portions toll). Travel 84 miles to Exit 101 (CR 951 S/Collier Blvd). Merge onto CR-951 S towards Marco Island. Resort will be approx. 18 miles on the right.;117 miles W;8796483174018;false;
Output Catalog:Online;airport_8_for_MapAndTransportation_00003;8796483272322;Miami International Airport - MIA;305-876-7000;Merge onto FL-836 W (Portions toll). Take the NW 107th Ave exit towards Florida's Turnpike South toward Homestead/Key West. After approx 2 miles, merge onto Tamiami Trl E/US-41 W/FL-90 W. Travel 80 miles then turn left onto CR-92. Go 11.5 miles and turn left onto S Collier Blvd/FL-951 S. The resort will be approx 1 mile on the right.;103 miles(s)NW;8796483174018;false;
Output Catalog:Online;airport_4_for_MapAndTransportation_00001;8796481371778;Hilton Head Island Airport - HHH;843-255-2950;"From airport turn left onto Beach City Rd. At
intersection to William Hilton Parkway/Hwy 278, turn
left on 278. Continue on William Hilton Pkwy making a
left into Port Royal Plantation via Coggins Point Road.
Make a left onto Grasslawn Avenue and continue until
the stop sign. The resort gatehouse will be located to
the right. If arrive after hours, press call button on the
keypad to reach a resort associate to raise the
entrance gate. For GPS or Internet Mapping Systems,
use destination address as follows: 10 Fifth Street,Hilton Head, SC 29928 as the resort address.";4.0 mi S;8796481339010;false;<ul><li>Estimated taxi fare: 15.00 USD (one way)</li></ul>
Output Catalog:Online;airport_11_for_MapAndTransportation_00002;8796474850946;Ontario International Airport - ONT;909-544-5300;Exit E. Airport Drive to S. Archibald Ave. to I-10 East. Take I-10 for 78 miles to Cook St. exit. Exit Cook Street go right and proceed 2 1/2 miles to the Villas entrance. The entrance is on Cook Street, on the right side of the street 1/2 mile past Country Club Drive. Turn right on Riviera Drive.;85 miles E;8796474785410;false;
Output Catalog:Online;airport_25_for_MapAndTransportation_00001;8796439592578;Malaga International Airport - AGP;+34 95 204 8844;"Exiting the airport. At roundabout take second exit and continue until you connect with MA-21/N-340 road with signage towards Torremolinos/Cadiz/Algeciras. This exit comes up on your right hand side after passing the San Miguel factory on your right hand side. Continue along the N-340 road for about 1 kilometer and take Exit 1 towards Benalm&#225;dena/Algeciras (N- 340/A-7/AP-7). Proceed along the A-7 and AP-7 (Toll road). DO NOT take the toll road AP-7. Proceed on the A-7 following the exit signs for Exit 214 Fuengirola/Algeciras/Marbella for about 15 km. You will be driving along the coast line passing Fuengirola, El Faro, La Cala de Mijas, Riviera, Calahonda, Cabopino and Las Chapas. Once you pass Las Chapas area, the Resort exit is getting near. The Resort is located in the area called Elviria. After Repsol Gas Station on your left take Elviria exit and from the roundabout cross over the bridge towards sea side. At next roundabout continue straight forward. At next roundabout take third exit.<br>
Continue straight until you see Don Carlos Hotel you see Don Carlos Hotel entrance in front. Follow the road leaving Don Carlos hotel on your left. When you reach the next roundabout, take 1st exit downhill towards the ocean following the sign to Marriott's Marbella Beach resort. The Resort entrance is on your right hand side approximately 100 meters down. Reminder: Do not leave personal belongings in your vehicle.";46.0 km W;8796439559810;false;<ul><li>Alternate Transportation: autosol</li><li>Estimated taxi fare: 65 EUR (one way)</li></ul>
Output Catalog:Online;NY-ResortMapAndTransportation-JFK;8796721266306;John F. Kennedy International Airport - JFK;718-244-4444;Exit airport on JFK Expressway N. Take exit onto I-678 N/Van Wyck Expressway N. Take exit 12B for Long Island Expressway/I-495W. Take exit toward 3rd Ave/41. Merge onto E 37th St and the hotel will be on the right.;;8796721200770;;
Output Catalog:Online;airport_55_for_MapAndTransportation_00001;8796544253570;Orlando International Airport - MCO;407-825-2001;Take the North Exit from Orlando Int'l Airport. Follow the signs for 528 West (or Beeline Expressway). On 528 W., proceed through two toll booths and a total of approximately 10 miles. Take Exit #1 (Int'l Dr/Sea World). Turn left on Int'l Dr. and proceed 1.5 miles to Grande Vista which is located on the Left.;15 mi SE;8796544220802;false;<ul><li>Estimated taxi fare: 40 USD (one way)</li></ul>
Output Catalog:Online;airportSAVMapsAndTransportation;8797469687426;Savannah/Hilton Head International Airport - SAV;912-964-0514;From I-95 North: Take exit 8 in South Carolina (Highway 278). Go East on Hwy 278 for approx. 20 miles. Go over two consecutive bridges that span the Inter Coastal waterway onto Hilton Head Island. As you reach the division of Hwy 278, stay in the right lane, following the signs for Hwy 278 business (William Hilton Parkway). Proceed to Shelter Cove Harbour approximately 8 miles onto the Island. Drive past the plaza and the mall at Shelter Cove. At the traffic light, turn right, then take second quick left onto Shelter Cove Lane and continue 6/10 of a mile. The resort entrance is on the left.;45 miles NE;8796496707202;;
Output Catalog:Online;airport_15_for_MapAndTransportation_00002;8796492217986;Savannah/Hilton Head International Airport - SAV;912-964-0514;Follow signs exiting airport to I-95 North. From I-95, I-95 take exit 8, continue on highway 278 (approx. 40 mins). Once over the HHI bridge, go approx. 4 miles to the Cross Island Expressway ($1.25 toll road). Follow expressway onto Palmetto Bay Road. Enter Sea Pines traffic circle from the left lane & follow circle to Pope Avenue (2nd right). Take Pope Avenue to Coligny Circle. Exit onto so forest beach Drive (1st right). Drive 3/4 mi. Hotel on left.;45 miles NE;8796492152450;false;<ul><li>Estimated taxi fare: $85 USD (one way)</li></ul>
Output Catalog:Online;airport_51_for_MapAndTransportation_00001;8796456992386;Miami International Airport - MIA;305-876-7000;Take State Road 836 (Dolphin Expressway) W. Drive approx. 5 miles to NW 87th Ave N. Exit. Once exited, make a left turn at first traffic light - NW 12th St. At next traffic light make right on NW 87th Ave (Galloway Road), drive approx 2 miles, the resort will be on the right hand side.;7 miles SE;8796456959618;false;"<ul>
    <li>Estimated Independent Airport shuttle service, at airport. Estimated fare per person: 21 USD (one way)</li>
 <li>Taxi Estimated fare: 30 USD (one way)</li>
</ul>"
Output Catalog:Online;Resort_TD_Maps_And_Transportation_DPS_001;8797766729346;Ngurah Rai International Airport - DPS;+62 361 9351011;"<p>From the Ngurah Rai International Airport, follow the sign towards Nusa Dua. Turn right at the second traffic light to Jalan By Pass Ngurah Rai.</p>
<p>After 11 km, turn right at the traffic light to Jalan Siligita, follow the road for another 3 km turning right at the crossing. Travel for another 200 m. Marriott's Bali Nusa Dua Gardens will be on the left hand side of the road.</p>
<p>The alternative way from Ngurah Rai International Airport by use Mandara Toll Road to Nusa Dua.  After exiting Toll road, turn left on Jalan By Pass Ngurah Rai and follow the directions to Jalan Siligita above.</p>
<p>Airport shuttle service, reservation required, fee: 220000 IDR (one way) </p>";7.6 miles SE;8797766696578;true;
Output Catalog:Online;SO-ResortAirportDirections-PBI;8796720250498;Palm Beach International Airport - PBI;561-471-7420;Travel on James L Turnage Blvd following signs for I-95. Keep right at the fork, follow signs for I-95 S/Miami and merge onto I-95 S Keep left to stay on I-95 S. Travel 69.1 miles. Keep right at the fork to stay on I-95 S, follow signs for US 441/Florida 9/Florida 826/Forida Turnpike, .9 miles then keep left to stay on I-95 S, follow signs for Miami, 1.6 miles. Merge onto I-95 S, .9 miles then use the left 2 lanes to take exit 2D toward I395 E/Miami Beach, .9 miles. Merge onto MacArthur Causeway. Travel 1.4 miles and continue onto Florida A1A N/State A1A N. Travel 3.7 miles then exit LEFT on Collins Avenue. Continue on Collins Avenue for 0.8 mile then turn right onto 14th St. Turn left onto Ocean Dr. and the resort will be on the left.;;8796720152194;;
Output Catalog:Online;airport_24_for_MapAndTransportation_00001;8796526493314;Newport News/Williamsburg International Airport - PHF;757-877-0221;From I-64 West take Lightfoot Exit 234A (Rte. 199). Proceed on Rte. 199 East approximately 4.5 miles to Longhill Rd. Exit (Rte. 612). Stay in right exit lane and turn right at stoplight onto Longhill Rd. Proceed on Longhill Rd. for 2.4 miles to entrance to Ford's Colony on left. Turn left onto Ford's Colony Dr. and go 1.1 miles. Follow traffic circle to St. Andrews Dr that veers to the right.Marriott's Manor Club entrance is on the left. There will be small signs directing you to Marriott's Manor Club.;30.0 mi W;8796526427778;false;<ul><li>Alternate Transportation: Carey Limousines 757-875-5466</li><li>Estimated taxi fare: 75 USD (one way)</li></ul>
Output Catalog:Online;airport_24_for_MapAndTransportation_00003;8796526526082;Norfolk International Airport - ORF;757-857-3351;From I-64 West take Lightfoot Exit 234A (Rte. 199). Proceed on Rte. 199 East approximately 4.5 miles to Longhill Rd. Exit (Rte. 612). Stay in right exit lane and turn right at stoplight onto Longhill Rd. Proceed on Longhill Rd. for 2.4 miles to entrance to Ford's Colony on left. Turn left onto Ford's Colony Dr. and go 1.1 miles. Follow traffic circle to St. Andrews Dr that veers to the right.Marriott's Manor Club entrance is on the left. There will be small signs directing you to Marriott's Manor Club.;50.0 mi W;8796526427778;false;<ul><li>Estimated taxi fare: 100.00 USD (one way)</li></ul>
Output Catalog:Online;airport_mayflower_from IAD;8796814229122;Washington Dulles International Airport - IAD;703-572-2700;<ul><li>Follow the signs to Interstate 66 East to Washington, D.C. Follow I-66 to the Theodore Roosevelt Bridge (US Route 50). Take the E Street exit off the bridge. Turn left onto 17th Street which becomes Connecticut Avenue. The hotel is on the right side of Connecticut Avenue.</li></ul>;;8796504735362;;
Output Catalog:Online;airport_34_for_MapAndTransportation_00001;8796531310210;Fort Lauderdale-Hollywood International Airport - FLL;954-359-1200;Take 95 North for 49 miles to Exit 76 (Blue Heron Blvd) for 6.5 miles. Turn right off the exit and follow for approximately 4 miles. Continue over the Blue Heron Bridge and make a right at Lake Drive traffic light (2nd light). Turn left onto Tacoma Lane and follow to end. Turn right on Ocean Avenue. Marriott's Ocean Pointe is the 1st driveway on the left. From Florida's Turnpike (North and Southbound): Take exit 109 to PGA Boulevard east, proceed 4.5 miles to US 1. Cross US 1, which becomes A1A, continue 5.1 miles to Lake Drive, turn left. Proceed 0.6 miles to the end of Lake Drive, bear left onto Inlet Way for 0.3 miles. Proceed to the end of Inlet Way, turn left. The main resort entrance is 0.2 miles ahead on the right.;50.0 mi NE;8796531277442;false;<ul><li>Estimated taxi fare: 120.00 USD (one way)</li></ul>
Output Catalog:Online;airport_1_for_MapAndTransportation_00001;8796464037506;Reno-Tahoe International Airport - RNO;775-328-6400;Take US-395 South towards Carson City/South Lake Tahoe for approximately 30.6 miles to US-50. Continue on US-50 South approximately 22.3 miles to South Lake Tahoe. Estimated travel time 1 hour 15 minutes.;54 mile(s) NE;8796464004738;false;<ul><li>Estimated taxi fare: 180 USD (one way)</li></ul>
Output Catalog:Online;SO-ResortAirportDirections-FLL;8796720217730;Fort Lauderdale-Hollywood International Airport - FLL;954-359-1200;From Terminal Dr. head west following the signs for departure and toward I-595 W. Keep right at the fork, following the signs for I-595 W/95/Florida's Turnpike. Keep left to stay on I-95 S, following signs for Miami for 25.1 miles. Exit I-95 via ramp at sign reading I-395 E (MacArthur Causeway) to Miami Beach. Travel 1.4 miles and continue onto Florida A1A N/State A1A N. Travel 3.7 miles then exit LEFT on Collins Avenue. Continue on Collins Avenue for 0.8 mile then turn right onto 14th St. Turn left onto Ocean Dr. and the resort will be on the left.;;8796720152194;;
Output Catalog:Online;airport_57_for_MapAndTransportation_00001;8796478127746;Kahului Airport - OGG;808-872-3830;"Exit Kahului Airport and continue onto AIRPORT ACCESS RD. AIRPORT ACCESS RD becomes KUIHELANI HWY/HWY 380 at PUUNENE intersection. Continue straight onto KUIHELANI HWY/HWY 380 until last traffic signal. Turn LEFT onto HONOAPIILANI HWY/HWY 30 and continue north. Proceed toward Lahaina & Ka'anapali. Turn left at traffic light at KAANAPALI PARKWAY, proceed &#188; mile to NOHEA KAI DRIVE, turn left and Resort entrance will be on right.";30.0 mi N;8796478094978;false;"<ul><li>Alternate transportation: SpeediShuttle and Arthur's Limousine; reservation required</li><li>Bus service fee: $50 USD (one way)</li><li>Estimated taxi fare: $90 USD (one way)</li></ul>"
Output Catalog:Online;airport_6_for_MapAndTransportation_00001;8796467314306;Phoenix Sky Harbor International Airport - PHX;602-273-3300;Take Interstate 10 West to Highway 51 North to Loop 101 East to the Tatum Boulevard exit. Turn left and follow the boulevard to Marriott Drive. Turn right and at the roundabout take the first right into Canyon Villas.;30.0 mi N;8796467281538;false;<ul><li>Estimated taxi fare: $60 USD (one way)</li></ul>
Output Catalog:Online;airport_33_for_MapAndTransportation_00002;8796450930306;Fort Lauderdale-Hollywood International Airport - FLL;954-359-1200;From I-95 (Northbound): Take Exit 79A for PGA Boulevard east, proceed 2.6 miles to US 1. Cross US 1, which becomes A1A, continue 5.1 miles to Lake Drive, turn left. Proceed 0.6 miles to the end of Lake Drive, bear left onto Inlet Way for 0.3 miles. Proceed to the end of Inlet Way, turn left. The main resort entrance is 0.2 miles ahead on the right. From Florida's Turnpike (North and Southbound): Take exit 109 to PGA Boulevard east, proceed 4.5 miles to US 1. Cross US 1, which becomes A1A, continue 5.1 miles to Lake Drive, turn left. Proceed 0.6 miles to the end of Lake Drive, bear left onto Inlet Way for 0.3 miles. Proceed to the end of Inlet Way, turn left. The main resort entrance is 0.2 miles ahead on the right.;50 miles NE;8796450897538;;<ul><li>Estimated taxi fare: $120 USD (one way)</li></ul>
Output Catalog:Online;airport_41_for_MapAndTransportation_00001;8796547071618;Salt Lake City International Airport - SLC;801-575-2400;Directions from Salt Lake City Airport: Take I-80 East to exit 145 toward Kimball Junction. Turn right at the end of the ramp onto UT-224 S and go 5.7 miles to the intersection where you see the sign for Main Street. Turn left onto Deer Valley Drive. Go through the first light (Bonanza Drive) and follow the road as it curves to the right. Marriott Summit Watch will be the 3rd (third) entrance on the right just past the entrance to Main Street. Turn into our roundabout to arrive at the lobby. We do have a Main street address, but our lobby is off of Deer Valley Drive.;28.0 mi NW;8796547038850;false;<ul><li>Contact Concierge Services at 435-647-4100 for information on transportation</li><li>Estimated taxi fare: $85-165 USD (one way)</li></ul>
Output Catalog:Online;airport_58_for_MapAndTransportation_00001;8796504768130;Ronald Reagan Washington National Airport - DCA;703-417-8000;<ul><li>Follow the signs to Washington, D.C. (George Washington Parkway). Take the I-395/Route 1 north exit, which is the 14th Street Bridge. Merge to the far left lane and follow the signs for 14th Street. Follow 14th Street for approximately 10 blocks and make a left onto K Street. Merge into the right service lane on K Street. Make a right onto Connecticut Avenue. The hotel is on the right.</li></ul>;;8796504735362;;
Output Catalog:Online;NY-ResortMapAndTransportation-EWR;8796721299074;Newark Liberty International Airport - EWR;973-961-6000;Exit airport on Terminal Access Road to US-1N to Hwy 21. Then take the New Jersey Turnpike /I-95 exit. Merge onto I-95 N and take exit 16E toward Lincoln Tunnel. Stay right at RT-495E. Turn Right at 40th St, then turn right at 5th Ave. Turn right at 37th St and the hotel will be on the right.;;8796721200770;;
Output Catalog:Online;airport_46_for_MapAndTransportation_00001;8796537306754;San Francisco International Airport - SFO;650-821-8211;From Highway 101 South/San Francisco International Airport: Take Highway 101N to Interstate-80E (To Bay Bridge), exit 4th St., go straight one block to 3rd St. Turn left onto 3rd St. Cross Market St. 3rd St. becomes Kearny St. Take first right onto Post, turn right onto Montgomery, then turn right onto Market Street. The Ritz-Carlton Club and Residences is on the right.;;8796537273986;false;
Output Catalog:Online;airport_34_for_MapAndTransportation_00002;8796531342978;Palm Beach International Airport - PBI;561-471-7420;Take 95 North to Exit 76 (Blue Heron Blvd) for 6.5 miles. Turn right off the exit and follow for approximately 4 miles. Continue over the Blue Heron Bridge and make a right at Lake Drive traffic light (2nd light). Turn left onto Tacoma Lane and follow to end. Turn right on Ocean Avenue. Marriott's Ocean Pointe is the 1st driveway on the left. From Florida's Turnpike (North and Southbound): Take exit 109 to PGA Boulevard east, proceed 4.5 miles to US 1. Cross US 1, which becomes A1A, continue 5.1 miles to Lake Drive, turn left. Proceed 0.6 miles to the end of Lake Drive, bear left onto Inlet Way for 0.3 miles. Proceed to the end of Inlet Way, turn left. The main resort entrance is 0.2 miles ahead on the right.;15.0 mi NE;8796531277442;false;<ul><li>Alternate Transportation: Towncar</li><li>Estimated taxi fare: 35.00 USD (one way)</li></ul>
Output Catalog:Online;airport_16_for_MapAndTransportation_00001;8796519415426;Hilton Head Island Airport - HHH;843-255-2950;Take Airport road to Hwy 278. Turn East. Follow 278 approximately 9 miles to the Sea Pines Traffic Circle. Take 2nd right onto Greenwood Drive. Entrance fee to Sea Pines (per car): USD 6.00. Upon check-in at the resort, receive Sea Pines pass. Make right on Plantation Drive. At stop sign turn right onto Lighthouse Rd. Resort is 1 mile ahead on the right hand side. Lobby phone number: 843-363-3020.;9 miles E;8796519382658;false;<ul><li>Alternate Transportation: Lowcountry Adventure Tours</li><li>Estimated taxi fare: 30 USD (one way)</li></ul>
Output Catalog:Online;airport_38_for_MapAndTransportation_00002;8796514107010;LA/Ontario International Airport - ONT;909-544-5300;Travel east on East Airport Drive to South Haven Avenue and turn left. Take the ramp for Interstate 10 East and merge onto the freeway. Continue on Interstate 10 East to the Monterey Avenue exit and turn right. Follow Monterey Avenue for 1.5 miles to Shadow Ridge Road and turn left.;78.0 mi SE;8796514041474;false;<ul><li>Estimated taxi fare: 30.00 USD (one way)</li></ul>
Output Catalog:Online;airport_5_for_MapAndTransportation_00001;8796465413762;Fort Lauderdale-Hollywood International Airport - FLL;954-359-1200;From Fort Lauderdale/Hollywood International Airport: Take US 1 N, 1 mile to SE 17th St. Go east on 17th St. for approximately 2 miles, the road becomes Fort Lauderdale Beach Boulevard (formerly State Road A1A). Continue north on Fort Lauderdale Beach Boulevard approximately 1.5 miles. The resort is on the left behind BeachPlace Shopping Mall. Enter the parking garage from either Cortez Street or Fort Lauderdale Beach Boulevard northbound, take a ticket, and proceed to level P4 or P5. From Points North: Take I-95 South to Sunrise Boulevard Go east approximately 4.5 miles to Fort Lauderdale Beach Boulevard (formerly State Rd A1A). Go south on Fort Lauderdale Beach Boulevard for approximately 1 mile. The resort garage entrance is on left. Take a parking ticket and go to garage level P4 or P5 for the resort entrance.;5.0 mi NE;8796465380994;false;<ul><li>Estimated taxi fare: 25 USD (one way)</li></ul>
Output Catalog:Online;airport_39_for_MapAndTransportation_00001;8796425895554;Robert L Bradshaw International - SKB;869-465-8121;SKB-St. Kitts (Robert L. Bradshaw Arpt.): Exit Airport, at roundabout, take 2nd exit. Go straight to end of road. Turn left onto Frigate Bay Road. At 1st roundabout keep right, continuing on Frigate Bay Road. At next roundabout, take 2nd exit at next roundabout, take 1st exit. Continue to hotel on right. The Marriott's St. Kitts Beach Club is on the same complex as the St. Kitts Marriott Resort & Casino.;4.0 mi S;8796425862786;false;<ul><li>Estimated taxi fare: $16 USD (one way)</li></ul>
Output Catalog:Online;airport_29_for_MapAndTransportation_00002;8796424191618;Vail Eagle County Regional Airport - EGE;970-328-2680;Go NW on N. Airport Rd. to US-6. Turn left on US-6 . Merge on I-70 E toward Denver for 61.3 miles. Take exit #201 (Frisco/Breckenridge) & turn right on W. Main St. Turn right on S. Summit Blvd./CO Hwy 9 & continue for 9.3 miles. Continue through to last stoplight in Breckenridge (next to the Conoco Gas Station). At light take right on Broken Lance Dr. At stopsign take right & continue 1/8 mi. to our property located on right side. Parking is limited to one space per villa.;76.0 mi NW;8796424126082;false;<ul><li>Contact our At Your Service Team at 970-453-8500 for information on transportation</li></ul>
Output Catalog:Online;airport_13_for_MapAndTransportation_00001;8796490088066;Atlantic City International Airport - ACY;609-645-7895;Exit Airport and proceed around traffic circle. Follow signs for Route 646 East (Mill Road). Stay on Mill Road East to Route 9 North. Turn left at light onto Route 9. Cross over Route 30 and continue on Route 9 North approximately 2.5 miles. Turn left into Marriott's Fairway Villas and proceed down Fairway Lane to the Registration Building located on the left.;10.0 mi E;8796490022530;false;<ul><li>Alternate Transportation: Absolute Transportation</li><li>Estimated taxi fare: 30.00 USD (one way)</li></ul>
Output Catalog:Online;airport_11_for_MapAndTransportation_00001;8796474818178;Palm Springs International Airport - PSP;760-318-3901;Exit airport, turn left on El Cielo. Go approx. 1/2 mile (6 /10ths) to Ramon Road. Turn left on Ramon Road, go 6 miles to I-10. Take I-10 East for 3 1/2 miles and exit at Cook Street. Turn right on Cook Street, go 2 1/2 miles to the Villas entrance. The entrance is on Cook Street, on right side of street 1/2 mile past Country Club Drive. Turn right on Riviera Drive.;14 miles SE;8796474785410;false;<ul><li>Estimated taxi fare: $45 to $50 USD (one way)</li></ul>
Output Catalog:Online;airport_7_for_MapAndTransportation_00001;8796469673602;Palma de Mallorca Airport - PMI;+34 902 40 47 04;Follow the signs to Playa De Palma / Santanyi / Llucmajor and take exit #20 at the sign Son Antem. At the round about take the 2nd exit to the right and follow this small lane for about 1 km, parallel to the hwy. At the large Marriott sign turn right until you come through the security gate of the resort and continue following the signs to the hotel where the reception is located.;12.0 km SW;8796469640834;false;<ul><li>Estimated taxi fare: 35 EUR (one way)</li></ul>
Output Catalog:Online;airport_45_for_MapAndTransportation_00001;8796455583362;Reno-Tahoe International Airport - RNO;775-328-6400;Start going North toward East Plumb Lane -- 0.3 miTake the I-580N/US-395N ramp on the left to I-80/Reno/Sparks/Truckee -- 341 ftKeep right at the fork and merge onto I-580N/US-395N -- 2.7 miTake exit 68B to merge onto I-80W toward Sacramento entering California -- 32.0 miTake exit 188 for CA-89/CA-267 toward Sierraville/Lake Taho, at bottom of off ramp turn left onto CA-267S -- 6.2 miYou will hit Northstar Drive at a light and find signs to Northstar at Tahoe Go straight past and take your first right onto Highlands Drive*** (you will find a big sign that says Ritz-Carlton Highlands, Lake Tahoe and at the bottom, Northstar Highlands.  Follow the road all the way up, you will find another sign for The Ritz-Carlton, turn left onto the road -- 2.9 mi.  You will find signs to The Ritz-Carlton Club, follow signs, stay to the right, go past the loading dock of the Hotel, up the winding road, the Club is at the top of the Highlands Gondola.  If chain controls are in place, Turn RIGHT on Northstar Drive -- 0.2 mi. When you reach the ROUNDABOUT, proceed three-quarters of the way around the ROUNDABOUT and turn RIGHT on Ridgeline Drive -- 0.5 mi. When Ridgeline Drive dead ends, turn RIGHT on Highlands View Road and proceed as above.;;8796455550594;false;
Output Catalog:Online;airport_33_for_MapAndTransportation_00001;8796450963074;Palm Beach International Airport - PBI;561-471-7420;From I-95 (Northbound): Take Exit 79A for PGA Boulevard east, proceed 2.6 miles to US 1. Cross US 1, which becomes A1A, continue 5.1 miles to Lake Drive, turn left. Proceed 0.6 miles to the end of Lake Drive, bear left onto Inlet Way for 0.3 miles. Proceed to the end of Inlet Way, turn left. The main resort entrance is 0.2 miles ahead on the right. From Florida's Turnpike (North and Southbound): Take exit 109 to PGA Boulevard east, proceed 4.5 miles to US 1. Cross US 1, which becomes A1A, continue 5.1 miles to Lake Drive, turn left. Proceed 0.6 miles to the end of Lake Drive, bear left onto Inlet Way for 0.3 miles. Proceed to the end of Inlet Way, turn left. The main resort entrance is 0.2 miles ahead on the right.;15 miles NE;8796450897538;;<ul><li>Alternate transportation: Towncar</li><li>Estimated taxi fare: $35 USD (one way)</li></ul>
Output Catalog:Online;airport_26_for_MapAndTransportation_00001;8796524789378;Hilton Head Island Airport - HHH;843-255-2950;Take Airport road to Hwy 278. Turn East. Follow 278 approximately 9 miles to the Sea Pines Traffic Circle. Take 2nd right onto Greenwood Drive. At Sea Pines gate, pay $6 USD fee. Make right on plantation Dr. at stop sign, turn right onto Lighthouse Road. For Heritage Club - Turn left on Lighthouse Lane, 3/4 mile on right. Entrance fee to Sea Pines (per car): USD 6.00. Upon check-in at the resort, receive Sea Pines pass. 18 Lighthouse Lane Lobby phone number: 843-363-3012;9 miles E;8796524756610;false;<ul><li>Estimated taxi fare: $30 USD (one way)</li></ul>
Output Catalog:Online;airport_22_for_MapAndTransportation_00002;8796506799746;Orlando International Airport - MCO;407-825-2001;Exit north to 528 West (Beach Line) (this is a toll road). Exit 3/John Young Pkwy South, turn left on John Young Pkwy. Make a right onto Whisper Lakes, make a left into resort.;10.0 mi E;8796506734210;false;<ul><li>Alternate Transportation: Mears Taxi Company, 423-5566</li><li>Estimated taxi fare: 50 USD (one way)</li></ul>
Output Catalog:Online;airport_mayflower_from BWI;8796814261890;Washington International Airport - BWI;410-859-7111;"<ul><li>Head northeast on Elm Road toward Gov Harry R Hughes Drive. Continue onto I-195 W. Take exit 2B for MD-295 S/Baltimore/Washington Parkway toward Washington, D.C. Merge onto MD-295 S. Take the exit onto US 50 W toward Washington, D.C. Take the exit toward Ft. Lincoln Drive/South Dakota Avenue. Keep left at the fork and follow signs for South Dakota Avenue. Take a slight right onto South Dakota Ave NE and then a slight left to stay on South Dakota Ave NE. Turn right onto Vista Street NE. Take the first left onto Central Avenue NE. Turn left onto Rhode Island Avenue NE. Turn left onto 11th Street NW. Turn right onto K Street NW. Turn right onto Connecticut Avenue NW. The hotel is on the right.&nbsp;</li></ul>";;8796504735362;;
Output Catalog:Online;NY-ResortMapAndTransportation-LGA;8796721233538;LaGuardia Airport - LGA;718-533-3400;Exit airport on Grand Central Parkway W. Take exit 4 to Brooklyn Queens Expressway toward 1-278. Merge onto E Brooklyn Queens Expy S/Queens Midtown Expy S. Take exit 35 and merge onto I-495 W. Take exit toward 3rd Ave/41. Merge onto E 37th St and the hotel will be on the right.;;8796721200770;;
Output Catalog:Online;airport_44_for_MapAndTransportation_00001;8796538388098;Aspen-Pitkin County Airport - ASE;970-920-5380;"Turn right out of the airport on to Hwy. 82 towards Aspen. Travel approximately 2.2. miles to the traffic circle. At the traffic circle exit the first exit (Maroon Creek Road). Travel approximately 1.4 miles to the Highlands Ski area. Turn left on Prospector Road and drive straight into The Ritz-Carlton<sup>&reg;</sup> Club.";;8796538355330;false;
Output Catalog:Online;airport_16_for_MapAndTransportation_00002;8797637361282;Savannah/Hilton Head International Airport - SAV;912-964-0514;Take Interstate 95 North to exit 8. Follow Highway 278 across the Hilton Head Island bridge. Travel approximately four miles to the Cross Island Expressway and pay the USD 1.25 toll. Take the expressway onto Palmetto Bay Road and proceed one mile, moving into the right lane. Take the first right turn onto Greenwood Drive. At the Sea Pines gate pay the USD 6 fee and turn right onto Plantation Drive. Turn right at the stop sign onto Lighthouse Road. The hotel is one-half mile on the right. Lobby phone number 843-363-3020.;45 miles NE;8796519382658;false;<ul><li>Estimated taxi fare: 100 USD (one way)</li></ul>
Output Catalog:Online;airport_38_for_MapAndTransportation_00003;8796514074242;Los Angeles International Airport - LAX;310-646-5252;Travel east on World Way to the ramp for CA-1/Sepulveda Boulevard South toward Interstate 105. Merge onto South Sepulveda Boulevard and continue to East Imperial Highway. Turn left and take the ramp for Interstate 105 East. Merge onto Interstate 105 East and continue to the exit for Interstate 605 North/Interstate 605 South. Merge onto Interstate 605 North. Take the Interstate 10 West exit toward Los Angeles then merge onto Interstate 10 East. Follow Interstate 10 East to the Monterey Avenue exit and turn right. Travel on Monterey Avenue for 1.5 miles to Shadow Ridge Road and turn left.;133.0 mi SE;8796514041474;false;<ul><li>Estimated taxi fare: 30.00 USD (one way)</li></ul>
Output Catalog:Online;airport_38_for_MapAndTransportation_00001;8796514139778;Palm Springs International Airport - PSP;760-318-3901;Turn left onto El Cielo Road and proceed to Ramon Road. Turn left and continue on Ramon Road for six miles to Interstate 10 East. Take Interstate 10 East to the first exit and turn right onto Monterey Avenue. Follow Monterey Avenue for 1.5 miles to Shadow Ridge Road and turn left.;20 miles E;8796514041474;false;<ul><li>Estimated taxi fare: 30.00 USD (one way)</li></ul>
Output Catalog:Online;airport_50_for_MapAndTransportation_00002;8796511288962;Charles De Gaulle - CDG;+33 17 036 3950;By car from CDG (44 km SE) Take A1/A3 Freeway direction Paris Est/Marne-la-Vallee, then Freeway A104 direction Marne-la-Vallee, then Freeway A4 direction Metz/Nancy - exit 14 direction Bailly-Romainvilliers Disneyland - first exit right to Bailly-Romainvilliers, at traffic light turn left, at round-about turn left direction Magny-le-Hongre. Resort is on your left at second traffic light. Transfer Service from/to Airport upon reservation at cost.;44.0 km SE;8796511223426;false;<ul><li>Alternate Transportation: Transfer service or bus</li><li>Estimated taxi fare: 120.00 EUR (one way)</li><li>Subway service fee: 18 EUR (one way)</li></ul>
Output Catalog:Online;airport_21_for_MapAndTransportation_00001;8796501425794;Honolulu International Airport - HNL;808-836-6411;Take H1- 93 West toward Waianae for 18 miles and exit right at Ko Olina. After passing the guard stand, drive one mile to Waipahe Place and turn right at Lagoon 4 Ulu'a.;18.0 mi E;8796501393026;false;<ul><li>Alternate Transportation: SpeediShuttle, reservation required 808-679-4804</li><li>Estimated taxi fare: 90.00 USD (one way)</li><li>Onsite Enterprise Rent-A-Car desk For additional transportation please contact concierge services at 808-679-4728 </li></ul>
Output Catalog:Online;airport_13_for_MapAndTransportation_00002;8796490055298;Philadelphia International Airport - PHL;215-937-6937;From West:Take Atlantic City Expwy East to Exit 5 - Rte. 9. Go left after paying $0.50 toll (exact change only) onto Rte. 9 head North. Follow approx. 4 miles to Fairway Lane. Turn left on Fairway Lane into Marriott's Fairway Villas, follow signs to Registration. From North: Follow Garden State Parkway South to Exit 48. Proceed to Rte. 9 South & go 7.5 miles, make a right on Fairway Lane. Turn right on Fairway Lane into Marriott's Fairway Villas. Follow signs to Registration. From South: I-95 North over Delaware Memorial Bridge, follow signs for Atlantic City / Route 40 East. Follow Route 40 east to Route 575 N. Follow 575 N 5 miles & take right on Jimmie Leeds Road. Follow 6 miles to Route 9 S. Hotel on right.;60 miles N;8796490022530;false;<ul><li>Alternate Transportation: Absolute Transportation</li><li>Estimated taxi fare: $140 USD (one way)</li></ul>
Output Catalog:Online;airport_12_for_MapAndTransportation_00001;8796487499394;Palm Springs International Airport - PSP;760-318-3901;"Exit airport, turn left on El Cielo. Go approx. 1/2 mile (6 /10ths) to Ramon Road. Turn left on Ramon Road, go 6 miles to I-10. Take I-10 E for 3 1/2 miles, exit Cook Street go right and proceed 2 1/2 miles to the Villas entrance. The entrance is on Cook Street, on right side of street 1/2 mile past Country Club Drive. The entrance is on the right approx. 1/2 mile past Country Club Drive. Turn right on
Riviera Drive.";14 miles SE;8796487433858;false;<ul><li>Estimated taxi fare: $45 - $50 USD (one way)</li></ul>
Output Catalog:Online;airport_4_for_MapAndTransportation_00002;8796481404546;Savannah/Hilton Head International Airport - SAV;912-964-0514;Take Exit 8 in South Carolina (Highway 278). Go East on Hwy 278 for approx. 20 miles. Go over two consecutive bridges that span the Inter Coastal waterway onto Hilton Head Island. As you reach the division of Hwy 278, stay in the right lane, following the signs for Hwy 278 business (William Hilton Parkway). Continue on William Hilton Pkwy, until the entrance to Port Royal Plantation which will be on your left. At traffic light, turn left and enter Port Royal Plantation. Turn left at 2nd road on left. Follow this road to the stop sign, turn right. Go through tunnel, turn right into the resort. If you are arriving after hours, press call button on keypad outside guardhouse to reach a resort associate to raise entrance gate.;45.0 mi NE;8796481339010;false;<ul><li>Airport shuttle service, fee: 35.00 USD (one way)</li><li>Estimated taxi fare: 58.00 USD (one way)</li></ul>
Output Catalog:Online;airport_42_for_MapAndTransportation_00002;8796430122626;Savannah/Hilton Head International Airport - SAV;912-964-0514;From I-95: Take exit 8 in South Carolina (Highway 278). Go East on Hwy 278 for approx. 20 miles. Go over two consecutive bridges that span the Inter Coastal waterway onto Hilton Head Island. As you reach the division of Hwy 278, stay in the right lane, following the signs for Hwy 278 business (William Hilton Parkway). Proceed approx. 6 miles to Shelter Cove Harbour, go past the plaza and the mall at Shelter Cove. At the traffic light, turn right, then take second quick left onto Shelter Cove Lane and continue 6/10 of a mile. The resort entrance is on the left.;45.0 mi NE;8796430057090;false;<ul><li>Estimated taxi fare: $85 USD (one way)</li></ul>
Output Catalog:Online;airport_48_for_MapAndTransportation_00001;8796444802690;Denver International Airport - DEN;303-342-2000;"Take I-70 West toward Vail/Grand Junction. Follow I-70 for 112 miles and take the Vail exit #176. Stay left in the roundabout and go back under I-70. At the second roundabout, turn right onto South Frontage Road. Follow South Frontage Road about 1 mile, then turn left onto West Lionshead Circle. The Ritz-Carlton Club<sup>&reg;</sup>, Vail, will be on your right at 728 West Lionshead Circle.";;8796444769922;false;
Output Catalog:Online;airport_37_for_MapAndTransportation_00001;8796535438978;Orlando International Airport - MCO;407-825-2001;SR # 417 South to exit 6 (SR 536 West) towards 535 (tolls apply). Turn right on World Center.;17.5 miles NE;8796535406210;false;<ul><li>Alternate Transportation: Mears Shuttle Service</li><li>Estimated taxi fare: 40 USD (one way)</li></ul>
Output Catalog:Online;airport_22_for_MapAndTransportation_00001;8796506766978;Orlando Sanford International - SFB;407-585-4000;Take FL-417 S to Orlando (Portions toll). Take the SR-528-TOLL West Exit 26, toward International Airport. Take the John Young Pkwy/ SR-423 Exit 3. South on John Young. Make a right onto Whisper Lakes. Make a left into the resort.;40.0 mi S;8796506734210;false;<ul><li>Estimated taxi fare: 100 USD (one way)</li></ul>
Output Catalog:Online;airport_56_for_MapAndTransportation_00001;8796433727106;Malaga International Airport - AGP;+34 95 204 8844;"From Malaga Airport follow the local roads towards C&#225;diz / Algeciras. Continue along the N340 towards Algeciras / C&#225;diz / Marbella for approximately 1 Km. Take the exit Benalm&#225;dena / Algeciras and continue along the A-7 for about 20 Km. Take the exit Fuengirola / Algeciras / Marbella. A-7 (Motorway) or continue towards Algeciras/Marbella AP-7 (Toll Road). In Marbella the two roads will re-connect and form the A-7 again. Continue along the A7 towards Algeciras/Cadiz, take the exit 181 A , drive through two tunnels and continue for approximately 3 Km. Take the exit Cancelada / Cambio de sentido, take the roundabout for &#190; and cross the bridge to the next roundabout direction Marbella/Malaga. Join the A-7 in the opposite direction and after 2 Km take the first exit after the Senator Banus Spa Hotel, El Presidente Km168. If you are using GPS you can enter these details in system to find Playa Andaluza better: N(+) 36.46501 W(-) 5.01755 Tom Tom : N3628.038' W501.080' NOTE: For your convenience we recommend to take the Toll Road (AP-7) as it will be faster.";70.0 km W;8796433694338;true;<ul><li>Estimated taxi fare: 95 EUR (one way) </li></ul>Alternate transportation: Contact the resort concierge desk for more information.
Output Catalog:Online;airport_32_for_MapAndTransportation_00001;8796498312834;Myrtle Beach International Airport - MYR;843-448-1580;Upon exiting Myrtle Bch Int'l Airport, go to 17 Bypass. Turn right on 17 Bypass towards North Myrtle Bch. Stay on 17 Bypass, turn right on 82nd Ave North (Parkway). Follow 82nd Ave North to next traffic light (Business 17/Kings Highway), go through traffic light for approx 1 mile. Make right on Grande Dunes Blvd.;12 miles S;8796498280066;false;<ul><li>Estimated taxi fare: $35 USD (one way)</li></ul>
Output Catalog:Online;MOairportSAV;8797637164674;Savannah/Hilton Head International Airport - SAV;912-964-0514;From Interstate 95 take exit 8 and continue for approximately 30 minutes on Highway 278. After crossing the bridge onto Hilton Head Island, travel 4 miles to the Cross Island Expressway toll road. Follow the expressway onto Palmetto Bay Road. Travel one mile and move to the left lane. Take the second exit onto Pope Avenue and proceed to the second traffic light. Turn right onto Cordillo Parkway and continue to the end of the road. Turn right and pass through the Sea Pines rear gate. The entrance fee is USD 6 per car. Monarch villas will be one mile on the left.;45 miles N;8796449029762;false;<ul><li>Estimated taxi fare: 100 USD (one way)</li></ul>
Output Catalog:Online;airport_9_for_MapAndTransportation_00001;8796472786562;Logan International Airport - BOS;800-235-6426;From 93 North: Exit 23. Stay left after tunnel and follow signs to the Aquarium. At first traffic light turn left following signs for Aquarium. Take a right onto State Street. Hotel is 1st driveway on the left. From 93 South: Exit 24A (Government Street). Left at traffic light following signs for Aquarium. Right onto State Street. The hotel is the first driveway on the left.;4 miles NW;8796472753794;false;"<ul>
    <li>Subway service, fee: $2.75 USD (one way)</li>
    <li>Estimated taxi fare: $30 USD (one way)</li>
</ul>"
Output Catalog:Online;airport_49_for_MapAndTransportation_00001;8796446178946;Reno Tahoe International Airport - RNO;775-328-6400;Take US-580 South towards Carson City/South Lake Tahoe for approximately 30.6 miles to US-50. Continue on US-50 South approximately 22.3 miles to South Lake Tahoe. Estimated travel time 1 hour 15 minutes.;56 miles NE;8796446146178;false;<ul><li>Estimated taxi fare: $180 USD (one way)</li><li>Alternate Transportation: South Tahoe Airporter/Drop-off point is Lake Tahoe Resort Hotel next door, reservation required</li></ul>
Output Catalog:Online;airport_20_for_MapAndTransportation_00001;8796436807298;Lihue Airport - LIH;808-274-3800;"Exit the airport onto Ahukini Road, then take the first left turn onto Kapule Highway. Proceed to Rice Street and turn left. The resort entrance is approximately &#188; mile on the left. Continue up the driveway for approximately 1 mile crossing 2 bridges make a left at the second bridge and continue to Kalanipu'u.";0.5 miles S;8796436774530;false;<ul><li>Estimated taxi fare: $13 USD (one way)</li></ul>
Output Catalog:Online;airport_31_for_MapAndTransportation_00002;8796528688770;Los Angeles International Airport - LAX;310-646-5252;"Drive south on Highway 405 to south 73 toll road. Exit at Newport Coast Drive (Inquire about toll), continue south approx. 2.5 miles to Pelican Hill Road South. Turn left into the resort.</li><li>Pay Tolls Online or with Free App! All drivers must pay tolls electronically - no cash. Visitors and infrequent drivers of The Toll Roads must pay online or via the free app using the One-Time-Toll<sup>&reg;</sup> payment option. Tolls must be paid within 5 days before or 5 days after driving the roads to avoid receiving a violation notice. Download the app, ""The Toll Roads"" in the Apple or Google Play Stores.";46.0 mi NW;8796528656002;false;<ul><li>Estimated taxi fare: $175.00 USD (one way)</li></ul>
Output Catalog:Online;airport_26_for_MapAndTransportation_00002;8796524822146;Savannah/Hilton Head International Airport - SAV;912-964-0514;From I-95 take exit 8, continue on Hwy 278 (approx. 30mins). Once over the HHI bridge, go approx. 4 miles to the Cross Island Expressway($1.25 toll road). Follow expressway onto Palmetto Bay Rd. Proceed 1 mile. Move to right lane, take first right onto Greenwood Dr. At Sea Pines gate, pay $5 usd per car fee. Make right onto Plantation DR. at stop sign, turn right onto Lighthouse Rd. For Harbour Club - 1 mile on right hand side. 144 Lighthouse Road Lobby phone number: 843-363-3020 For Heritage Club - Turn left on Lighthouse Lane, 3/4 mile on right. 12 Lighthouse Lane Lobby phone number: 843-363-3012;45.0 mi NE;8796524756610;false;<ul><li>Estimated taxi fare: $100 USD (one way)</li></ul>
Output Catalog:Online;airport_35_for_MapAndTransportation_00001;8796452994690;Phuket International Airport - HKT;+66 76 351 166;"From the Phuket International Airport: Turn right (going South) on road 4031. At the traffic light turn left (going East) on road 4026 (direction Phuket Town). Drive to the end until you reach the traffic lights and Highway 402 (Thepkassatri Road). Turn left (going North) on Highway 402 (direction Phang Na - Sarasin Bridge). Drive approximately 12 km passing the Blue Canyon Golf Club. You will see the Hotel Sign Marker (Marriott Vacation Club, JW Marriott, Renaissance) Turn left on the small road. Follow the small road straight about 800 meters, the road will go left, keep going about another 200 meters. The resort entrance of Marriott Vacation Club and JW Marriott Hotel will be on your right (same entrance). 
<br><br>
Resort GPS Coordinates: DD (Decimal degrees) 
Latitude 8.166 
Longitude 98.295
<br><br>
DMS (degrees, minutes, seconds) 
Latitude N 8' 9' 57.6"" 
Longitude E 98' 17' 42""";10.0 km NW;8796452961922;false;
Output Catalog:Online;airport_43_for_MapAndTransportation_00001;8796548808322;Hilton Head Island Airport - HHH;843-255-2950;From airport turn left onto Beach City Rd. At intersection to William Hilton Parkway/Hwy 278, turn left on 278. Continue on William Hilton Pkwy past Port Royal Plantation. Just past the intersection at Mathews Drive/Folly Field Rd, take the third left onto Burkes Beach Rd. Take the first left onto Fifth Street, and the resort gatehouse will be located to the right. If arrive after hours, press call button on the keypad to reach a resort associate to raise the entrance gate. For GPS or Internet Mapping Systems, use destination address as follows: 10 Fifth Street, Hilton Head, SC 29928 as the resort address.;5 miles E;8796548742786;false;<ul><li>Estimated taxi fare: $30 USD (one way)</li></ul>
Output Catalog:Online;airport_52_for_MapAndTransportation_00001;8796539502210;Lihue Airport - LIH;808-274-3800;Follow signs to airport exit and at the intersection of Route 570 and Akuhini Highway proceed straight through the traffic light. Continue for approx two miles and at the next intersection (Akuhini Highway and Highway 50) turn left onto Highway 50. Travel on Highway 50 for approx ten miles to the left hand turn-off for Poipu/Tree Tunnel Road at Highway 520. Follow Highway 520 until you approach a middle turn lane and turn left onto Ala Kinoiki Road. Continue down this road until you reach the stop sign then turn right onto Poipu Road. Waiohai is the first entrance on the left just past Poipu Beach Park.;14.0 mi S;8796539469442;false;<ul><li>Estimated taxi fare: $50 USD (one way) </li></ul>
Output Catalog:Online;airport_36_for_MapAndTransportation_00001;8796533341826;Orlando International Airport - MCO;407-825-2001;SR # 417 South to exit 6 (SR 536 West) towards 535 (tolls apply). Turn right on World Center Drive and turn right on Vacation Way.;17.5 mi NE;8796533309058;false;<ul><li>Alternate Transportation: Mears Shuttle Service</li><li>Estimated taxi fare: 55 USD (one way)</li></ul>
Output Catalog:Online;airport_19_for_MapAndTransportation_00001;8796521152130;Orlando International Airport - MCO;407-825-2001;SR # 417 South to exit 6 (SR 536 West) towards 535 (tolls apply). Turn right on World Center Drive and turn right on Vacation Way.;17.5 miles NE;8796521119362;false;<ul><li>Alternate Transportation: Mears Shuttle Service</li><li>Estimated taxi fare: $55 USD (one way)</li></ul>
Output Catalog:Online;airport_14_for_MapAndTransportation_00001;8796517613186;McCarran International Airport - LAS;702-261-5211;From McCarran Intl Airport: Go north on Swenson/Airport exit 1.5 miles. Turn left (west) onto East Harmon Ave. Turn left after 1.1 miles into Planet Hollywood. Resort is on the left.;3.5 mi N;8796517580418;false;<ul><li>Estimated taxi fare: 15 USD (one way)</li></ul>
Output Catalog:Online;airport_50_for_MapAndTransportation_00001;8796511256194;Paris Orly Airport - ORY;+33 892 56 3950;ORY (47 km E) take Freeway A86 direction Creteil, Bobigny - take Freeway A4 direction Metz, Nancy - exit 14 direction Bailly-Romainvilliers Disneyland - first exit right to Bailly-Romainvilliers, at traffic light turn left, at round-about turn left direction Magny-le-Hongre. Resort is on your left at traffic light. Transfer Service from/to Airport upon reservation at cost.;47.0 km E;8796511223426;false;<ul><li>Alternate Transportation: Transfer service or bus</li><li>Estimated taxi fare: 120.00 EUR (one way)</li><li>Subway service fee: 18 EUR (one way)</li></ul>
Output Catalog:Online;airport_15_for_MapAndTransportation_00001;8796492185218;Hilton Head Island Airport - HHH;843-255-2950;Take Airport road to highway 278. Turn East. Follow 278 approximately 9 miles to the Sea Pines Traffic Circle. Follow the traffic circle to Pope Avenue. Follow Pope Avenue until it ends at Coligny Circle. Take first right onto to South Forrest Beach Drive. Take South Forrest Beach Drive 3/4 of a mile and Grande Ocean will be on the left hand side.;9 miles E;8796492152450;false;<ul><li>Estimated taxi fare: $30 USD (one way)</li></ul>
Output Catalog:Online;wk-resortMapsAndTransportation-KOA-001;8797012737666;Kona International Airport - KOA;808-327-9520;Upon leaving Kona International Airport, head north on Kupipi St. Make a slight left to stay on Kupipi St. Make a slight left toward Keahole Airport Road. Keep right at the fork and continue straight onto Keahole Airport Road. Turn left onto HI-19/Queen Kaahumanu Hwy for 17 miles and turn left onto Waikoloa Beach Dr. Make a U-turn at Kolea Beach Dr and hotel will be on the right.;19.3 mile N;8797012704898;;"<ul>
	<li>Estimated taxi fare: 65 USD  (one way) </li>
	<li>Speedi Shuttle or Resort Transportation; fee: 51 USD (one way) </li>
</ul>"
Output Catalog:Online;au-resortMapsTransportation-Directions-BNE-001;8796849487490;Brisbane Airport - BNE;+61 7 3406 3000;Depart toward Airport Drive on Ramp. Bear left onto Airport Drive on Ramp. Then keep straight onto Airport Dr. Take the ramp left for Southern Cross Way. Then take the ramp on the right for Gateway Mtwy/M11. Proceed to then take the ramp on the left for M1 toward Gold Coast. At exit 66, take ramp left for 10 toward Southport/ Sea World. Turn right onto 2/ Gold Coast Hwy/ Marine Pde. Turn left onto Surfers Paradise Blvd then turn right onto Cypress Ave. Turn right onto 2/ Ferny Ave/ Gold Coast Hwy. Finally, arrive at 2/ Ferny Ave/ Gold Coast Hwy on the left.;52.1 miles SE;8796849421954;;"<ul>
<li>Alternative transportation: Hughes Limousines - Valid for 4 persons. Additional person is extra, fee: 222 AUD (one way); reservation required</li>
<li>Bus service, fee: 44 AUD (one way)</li>
<li>Estimated taxi fare: 240 AUD (one way)</li>
</ul>"
Output Catalog:Online;SD-ResortMapsAndTransportation-FromSanDiegoIntAirport-001;8796725952130;San Diego International Airport - SAN;619-400-2404;"<dl>
	<ul>
		<dd><li>Travel east on Harbor Drive to downtown San Diego.</li></dd>
		<dd><li>Turn left onto Ash Street.</li></dd>
		<dd><li>Turn right onto Kettner.</li></dd>
		<dd><li>Turn left onto A Street.</li></dd>
		<dd><li>Our San Diego property is on the right.</li></dd>
	</ul>
</dl>";;8796725886594;;
Output Catalog:Online;SO-ResortAirportDirections-MIA;8796720184962;Miami International Airport - MIA;305-876-7000;At the traffic circle, take the 3rd exit onto the NW 21st St. ramp. Turn right at NW 21st Street. Take the ramp and keep right at the fork. Follow signs for FL-953 S/FL-836/Le Jeune Rd/Coral Gables. Continue straight and merge onto FL-953 S/S Le Jeune Rd via the ramp on the LEFT to FL-836 W. Merge onto FL-836 E via the ramp to Downtown (Partial toll road) Travel 3.9 miles and continue onto I-395 E (MacArthur Causeway). Travel 1.4 miles and continue onto Florida A1A N/State A1A N. Travel 3.7 miles then exit LEFT on Collins Avenue. Continue on Collins Avenue for 0.8 mile then turn right onto 14th St. Turn left onto Ocean Dr. and the resort will be on the left.;;8796720152194;;
Output Catalog:Online;airport_12_for_MapAndTransportation_00002;8796487466626;Ontario International Airport - ONT;909-544-5300;Exit E. Airport Drive to S. Archibald Ave. to I-10 East. Take I-10 for 78 miles to Cook St. exit. Exit Cook Street go right and proceed 2 1/2 miles to the Villas entrance. The entrance is on Cook Street, on the right side of the street 1/2 mile past Country Club Drive.;85 miles W;8796487433858;false;
Output Catalog:Online;airport_8_for_MapAndTransportation_00001;8796483206786;Southwest Florida International Airport - RSW;239-590-4800;Follow signs to 1-75 South. Merge onto 1-75 S. Go approx. 27 miles to Exit 101 (CR 951 S/Collier Blvd). Merge onto CR-951 S towards Marco Island. Resort will be approx. 18 miles on the right.;59 miles S;8796483174018;false;<ul><li>Alternate transportation: NT&T, reservation required</li><li>Estimated taxi fare: $65 USD (one way)</li></ul>
Output Catalog:Online;airport_57_for_MapAndTransportation_00002;8796478160514;Kapalua Airport - JHM;808-665-6108;From Kapalua West Airport turn left onto HONOAPIILANI HWY/HWY 30, turn right at KAANAPALI PKWY traffic light, proceed 1/4 mile to NOHEA KAI DRIVE, turn left and Resort entrance will be on right.;7.0 mi W;8796478094978;false;<ul><li>Estimated taxi fare: 15 USD (one way)</li></ul>
Output Catalog:Online;airport_23_for_MapAndTransportation_00001;8796422258306;Northwest Florida Beaches International Airport - ECP;850-763-6751;Turn right/west from airport onto Highway 388. Turn left/south onto Highway 79. Turn left/east onto Highway 98-Panama City Beach Parkway. Turn right onto the service road for Thomas Drive/NSA Main gate/Bay Point. Turn left/east onto Front Beach Road. Stay to the right of the overpass ramp and continue east to Thomas Drive. Turn right onto Thomas Drive. Turn left onto Magnolia Beach Road. Magnolia Beach Road will veer to the right and change its name to Delwood Beach Road. Turn right onto Jan Cooley Road. Turn right and drive through the Bay Point resort's main gate. Turn left at the traffic circle and continue to Marriott's Legends Edge at Bay Point (4000 Marriott Drive).;21 miles W;8796422225538;false;<ul><li>Alternate Transportation: Ride on Shuttle-reservation required</li><li>Estimated taxi fare: 55 USD (one way)</li></ul>
Output Catalog:Online;airport_31_for_MapAndTransportation_00001;8796528721538;John Wayne Airport - SNA;949-252-5200;"Turn right on MacArthur Blvd. Take MacArthur Blvd to south 73 toll road. Exit Newport Coast Drive (Inquire about toll), continue south approx. 2.5 miles to Pelican Hill Road South. Turn left into the resort.</li><li>Pay Tolls Online or with Free App! All drivers must pay tolls electronically - no cash. Visitors and infrequent drivers of The Toll Roads must pay online or via the free app using the One-Time-Toll<sup>&reg;</sup> payment option. Tolls must be paid within 5 days before or 5 days after driving the roads to avoid receiving a violation notice. Download the app, ""The Toll Roads"" in the Apple or Google Play Stores.";9.0 mi N;8796528656002;false;<ul><li>Estimated taxi fare: $40 USD (one way)</li></ul>
Output Catalog:Online;airport_43_for_MapAndTransportation_00002;8796548775554;Savannah/Hilton Head International Airport - SAV;912-964-0514;Follow signs to I-95 North to South Carolina. Once, in South Carolina, take Exit 8, Highway 278 East to Hilton Head Island (approximately 20 miles). After crossing the two consecutive bridges onto Hilton Head Island, follow 278 East Business - William Hilton Parkway (not Highway 278 Toll) for 6.3 miles. Just past the intersection at Mathews Drive/Folly Field Road, take the second left onto Burkes Beach Road. Take the first left onto Fifth Street and the resort gatehouse will be located straight ahead. If arrive after hours, press call button on the keypad to reach a resort associate to raise the entrance gate.;45.0 mi NE;8796548742786;false;<ul><li>Estimated taxi fare: $85 USD (one way)</li></ul>
Output Catalog:Online;airport_27_for_MapAndTransportation_00001;8796522954370;Lihue Airport - LIH;808-274-3800;From Lihue Airport: Exit on Ahukini Road, first left on Kapule Hwy, left on Rice Street, continue approx. 1/4 mile, Kauai Marriott entrance on left.<li>Airport shuttle service, on request, complimentary</li><li>Estimated taxi fare: $10 USD (one way)</li>;1.0 mi SE;8796522921602;;
Output Catalog:Online;airport_18_for_MapAndTransportation_00001;8796496739970;Hilton Head Island Airport-HHH;843-255-2950;Turn left out of the airport onto Beach City Road. Follow to Hwy 278, William Hilton Parkway. Turn left on Hwy 278 and follow to King Neptune Drive. Turn right on King Neptune Drive and take your second left onto Shelter Cove Lane. The resort is 1/2 mile ahead on the left.;6 miles E;8796496707202;false;<ul><li>Estimated taxi fare: $30 USD (one way)</li></ul>
Output Catalog:Online;airport_3_for_MapAndTransportation_00001;8796461383298;Queen Beatrix International Airport - AUA;+297 524 2424;From Queen Beatrix Airport: Follow signs to Oranjestad/downtown. Continue on L.G. Smith Blvd, follow signs to hotel area/California Lighthouse. Continue on blvd. for approx. 3.5 miles. Ocean Club is on left.;7 miles NW;8796461350530;false;<ul><li>Estimated taxi fare: $30 USD (one way)</li></lu>
Output Catalog:Online;airport_28_for_MapAndTransportation_00001;8796449062530;Hilton Head Island Airport - HHH;843-255-2950;Take Airport Road to Highway 278 and turn east. Follow Highway 278 approximately 9 miles to the Sea Pines Traffic Circle. Take the third exit onto Pope Avenue and proceed to the second traffic light. Turn right onto Cordillo Parkway and continue to the end of the road. Turn right and pass through the Sea Pines rear gate. The entrance fee is USD 6 per car. Monarch villas will be one mile on the left.;9 miles E;8796449029762;false;<ul><li>Estimated taxi fare: 25 USD (one way)</li></ul>
Output Catalog:Online;airport_29_for_MapAndTransportation_00001;8796424158850;Denver International Airport - DEN;303-342-2000;Take Interstate 70 West for approx 98 miles to exit 203 for Highway 9 South/Frisco/Breckenridge. Follow Highway 9 for 10 miles to Breckenridge. Drive through the town and at the sixth traffic light turn right onto Broken Lance Drive. Turn right at the stop sign and continue for 1/8 mile. Marriott's Mountain Valley Lodge will be on the right side of the road.;98.0 mi NE;8796424126082;false;<ul><li>Contact our At Your Service Team at 970-453-8500 for information on transportation</li></ul>
Output Catalog:Online;PA-resortMapsAndTransportation-Airport-HKT-001;8797311385218;Phuket International Airport  - HKT;+66 76 351 166;Take Highway 4026 east to Highway 402 and head north. Turn left at kilometer marker 38.;12.4 miles NW;8797311352450;;<!-- Local taxi service from airport to hotel is THB 500/way or estimated 15 USD -->
Output Catalog:Online;airport_2_for_MapAndTransportation_00001;8796459515522;Queen Beatrix International Airport - AUA;+297 524 2424;From Queen Beatrix Airport: Follow signs to Oranjestad/downtown. Continue on L.G. Smith Blvd, follow signs to hotel area/California Lighthouse. Continue on blvd. for approx. 3.5 miles. Ocean Club is on left.;4.3 miles NW;8796459482754;false;<ul><li>Estimated taxi fare: $30 USD (one way)</li></ul>
Output Catalog:Online;airport_42_for_MapAndTransportation_00001;8796430089858;Hilton Head Island Airport - HHH;843-255-2950;Turn left out of the airport onto Beach City Road. Follow to Hwy 278, William Hilton Parkway. Turn left on Hwy 278 and follow to King Neptune Drive. Turn right on King Neptune Drive and take your second left onto Shelter Cove Lane. The resort is 1/2 mile ahead on the left.;6 miles E;8796430057090;false;<ul><li>Estimated taxi fare: $30 USD (one way)</li></ul>
Output Catalog:Online;airport_54_for_MapAndTransportation_00001;8796541763202;Cyril E. King Airport - STT;340-774-5100;"After exiting the airport grounds continue until the traffic light and turn right. Follow the main road (route 30). On your way you will pass the Nisky Shopping Center on the right, next you will pass the Total Gas station on your left, following the Banco Popular on your left and the Texaco Gas station on your left. Keep following the waterfront and start moving into the right lane. Continue going on the main road, you will pass the Fire Station on your left. After the waterfront take a right at the next big 4-way intersection and follow the road along the Yacht Haven Grande Mall on your right. At the next light continue straight, you will pass Wendy's and then Havensight Mall/Cruise Ship Dock on your right side. Continue uphill until the 315 - 30 Junction. Cross over and continue straight ahead, Marriott's Frenchman's Cove will be +/- &#189; mile on your right.";Hotel direction: 6.0 mi SE;8796541730434;false;<ul><li>Estimated taxi fare: $10 USD (one way) per person plus fee for bags ranging from $2-4/bag</li></ul>
Output Catalog:Online;airport_24_for_MapAndTransportation_00002;8796526460546;Richmond International Airport - RIC;804-226-3000;Take I-64 East Take Lightfoot Exit 234 (Rt. 199). Proceed on Rte. 199 E 4.5 miles to Longhill Rd. Exit (Rte. 612). Stay in right exit lane and turn at stoplight onto Longhill Rd. Proceed on Longhill Rd. for 2.4 miles to entrance to Ford's Colony on left. Turn left onto Ford's Colony Dr. and go 1.1 miles. Follow traffic circle to St. Andrews Dr that veers to the right. Marriott's Manor Club entrance is on the left.;45.0 mi E;8796526427778;false;<ul><li>Estimated taxi fare: 100.00 USD (one way)</li></ul>
Output Catalog:Online;airport_30_for_MapAndTransportation_00001;8796442803842;Salt Lake City International Airport - SLC;801-575-2400;Exit The Airport Onto Interstate 80 East. Take I-80 East To Kimball Junction Exit #145. Turn South Onto Sr 224. Go 6 Mi To Deer Valley Drive, Turn Right Onto Empire Ave., Turn Right Onto Silver King Drive. Turn Left On Lowell Ave. Resort Will Be On Right Side.;32 miles E;8796442771074;false;<ul><li>Alternate Transportation: Knox Transportation Services and Express 4 Less</li><li>Estimated taxi fare: 100 USD (one way)</li></ul>
Output Catalog:Online;airport_53_for_MapAndTransportation_00001;8796431761026;Springfield-Branson National Airport - SGF;417-868-0500;Travel south on Airport Boulevard to Highway 266. Turn left and proceed for one mile to Interstate 44. Take Interstate 44 East approx 8 miles to exit 82A for US-65 South. Stay on US-65 South for approx 43 miles to Country Boulevard/76 West. Turn left and travel approx 2.5 miles to Green Mountain Drive. Turn left again and the resort is 1.5 miles on the right.;45 miles S;8796431728258;false;<ul><li>Alternate Transportation: Gray Lines of the Ozarks</li></ul>
Output Catalog:Online;airport_47_for_MapAndTransportation_00001;8796509945474;Cyril E. King Airport - STT;340-774-5100;"Exit the Airport and make a right at the light. Continue on this road for several miles as you drive on the waterfront. You will pass a police station at a light on your left. At the next light, make a right. You will pass ""Yacht Haven Grande"" on your right. At the second light, continue straight into ""Havensight."" At the top of the hill make a left. Stay on this for several miles. You will pass ""Iggies"" on your right and then ""Gas Works."" When you come to a ""T"" at the ""Bridge to Nowhere,"" make a right. Continue on this road as you pass ""Food Center"" on your left. About a quarter of a mile after the National Armory make a right up a small hill. If you pass the high school on your left you have gone too far. Continue straight on this road and pass The Ritz-Carlton<sup>&reg;</sup> Hotel. The entrance to The Ritz-Carlton Club<sup>&reg;</sup> will be shortly after. *Remember to stay on the left!";;8796509912706;false;
Output Catalog:Online;airport_10_for_MapAndTransportation_00001;8796485631618;Orlando International Airport - MCO;407-825-2001;Take the Beachline Expressway/State Road 528 to exit 1 for International Drive. Turn left onto International Drive and continue to Westwood Boulevard. Turn right and follow the boulevard approximately two miles. Property is located on the left side of the road.;15.0 mi W;8796485598850;false;<ul><li>This hotel does not provide shuttle service.</li><li>Estimated taxi fare: $34 USD (one way)</li></ul>
Output Catalog:Online;airport_40_for_MapAndTransportation_00001;8796428058242;Denver International Airport - DEN;303-342-2000;From Denver International Airport: West on I-70, approximately 135 miles to Exit 173. Turn right and follow the traffic circle completely around. Go under the highway, follow the second traffic circle halfway. Turn right and proceed over the bridge (you should see the Marriott sign directly in front of you). Bear right up the driveway and follow the signs to the registration area in the clubhouse.;120.0 mi E;8796428025474;false;<ul><li>Alternate Transportation: Colorado Mountain Express</li></ul>
