# catalogVersion;syncItemKey;pk;title;drivingDirectionIntroText;drivingDirectionDisclaimerText;termsAndPrivacyDisclaimerText;resort
Output Catalog:Online;MapAndTransportation_00040;8796427992706;Maps and Transportation;From Regional Airports to local businesses to historic attractions, our interactive map will help you get there with ease.;;https://www.google.com/maps/embed?pb=!1m18!1m12!1m3!1d3073.0446994081935!2d-106.4226779845252!3d39.62619737946481!2m3!1f0!2f0!3f0!3m2!1i1024!2i768!4f13.1!3m3!1m2!1s0x876a70a24d287015%3A0x8aaa6d819ad1c14a!2sMarriott's+StreamSide+Evergreen+at+Vail!5e0!3m2!1sen!2sus!4v1506104059960;8796162719745
Output Catalog:Online;MapAndTransportation_00003;8796461317762;Maps and Transportation;From Regional Airports to local businesses to historic attractions, our interactive map will help you get there with ease.;;https://www.google.com/maps/embed?pb=!1m18!1m12!1m3!1d3894.0564665623997!2d-70.0453669497123!3d12.578528426741178!2m3!1f0!2f0!3f0!3m2!1i1024!2i768!4f13.1!3m3!1m2!1s0x8e8538023a2d3323%3A0xcad40ca1afee6ae8!2sMarriott's+Aruba+Surf+Club!5e0!3m2!1sen!2sus!4v1506087210152;8796163309569
Output Catalog:Online;MapAndTransportation_00005;8796465348226;Maps and Transportation;From Regional Airports to local businesses to historic attractions, our interactive map will help you get there with ease.;;https://www.google.com/maps/embed?pb=!1m18!1m12!1m3!1d3582.288128344547!2d-80.1073678495267!3d26.122146883393327!2m3!1f0!2f0!3f0!3m2!1i1024!2i768!4f13.1!3m3!1m2!1s0x88d9002c72fd9f71%3A0x42c4e6b4e50c213!2sMarriott's+BeachPlace+Towers!5e0!3m2!1sen!2sus!4v1506091411070;8796163375105
Output Catalog:Online;MapAndTransportation_00050;8796511190658;Maps and Transportation;From Regional Airports to local businesses to historic attractions, our interactive map will help you get there with ease.;;https://www.google.com/maps/embed?pb=!1m18!1m12!1m3!1d2625.284818669683!2d2.8095609511557442!3d48.852778979185246!2m3!1f0!2f0!3f0!3m2!1i1024!2i768!4f13.1!3m3!1m2!1s0x47e61d56c2cf126d%3A0x35479380b147f922!2sMarriott's+Village+d'lle-de-France!5e0!3m2!1sen!2sus!4v1506091761873;8796164030465
Output Catalog:Online;MapAndTransportation_00016;8796519349890;Maps and Transportation;From regional airports to local businesses to historic attractions, our interactive map will help you get there with ease.;;https://www.google.com/maps/embed?pb=!1m18!1m12!1m3!1d3378.3876873252666!2d-80.81198794938123!3d32.139834881076666!2m3!1f0!2f0!3f0!3m2!1i1024!2i768!4f13.1!3m3!1m2!1s0x88fb8761e22176bf%3A0x52d27d981765b19f!2sMarriott's+Harbour+Club!5e0!3m2!1sen!2sus!4v1506091884837;8796164128769
Output Catalog:Online;NY-ResortMapAndTransportation-001;8796619619970;New York Map and Transportation;From regional airports to local businesses to historic attractions, our interactive map will help you get there with ease.;;https://www.google.com/maps/embed?pb=!1m18!1m12!1m3!1d3022.4711475379527!2d-73.98742384912742!3d40.75166107922618!2m3!1f0!2f0!3f0!3m2!1i1024!2i768!4f13.1!3m3!1m2!1s0x89c259aa3b8edbf7%3A0xbdef51b7f7aee50b!2sMarriott+Vacation+Club+Pulse%2C+New+York+City!5e0!3m2!1sen!2sus!4v1506092400088;8796164915201
Output Catalog:Online;MapAndTransportation_00030;8796442738306;Maps and Transportation;From Regional Airports to local businesses to historic attractions, our interactive map will help you get there with ease.;;https://www.google.com/maps/embed?pb=!1m18!1m12!1m3!1d3027.0609886222232!2d-111.50944604913069!3d40.650585979237256!2m3!1f0!2f0!3f0!3m2!1i1024!2i768!4f13.1!3m3!1m2!1s0x8752729c69a51a4f%3A0x302e27c7d1718bc3!2sMarriott's+MountainSide!5e0!3m2!1sen!2sus!4v1506092309382;8796162949121
Output Catalog:Online;MapAndTransportation_00007;8796469608066;Maps and Transportation;From Regional Airports to local businesses to historic attractions, our interactive map will help you get there with ease.;;https://www.google.com/maps/embed?pb=!1m18!1m12!1m3!1d3079.800875371166!2d2.8276729508316722!3d39.47382697938521!2m3!1f0!2f0!3f0!3m2!1i1024!2i768!4f13.1!3m3!1m2!1s0x1297bce833efbb7f%3A0xb03c1b929003221c!2sMarriott's+Club+Son+Antem!5e0!3m2!1sen!2sus!4v1506092208017;8796163440641
Output Catalog:Online;MapAndTransportation_00057;8796478062210;Maps and Transportation;From Regional Airports to local businesses to historic attractions, our interactive map will help you get there with ease.;;https://www.google.com/maps/embed?pb=!1m18!1m12!1m3!1d3726.9100570482624!2d-156.6973927496299!3d20.91593798599114!2m3!1f0!2f0!3f0!3m2!1i1024!2i768!4f13.1!3m3!1m2!1s0x79552b698645c7f1%3A0x265edb39613ebd42!2sMarriott's+Maui+Ocean+Club+-+Molokai%2C+Maui+%26+Lanai+Towers!5e0!3m2!1sen!2sus!4v1506092224537;8796163538945
Output Catalog:Online;MapAndTransportation_00004;8796481306242;Maps and Transportation;From regional airports to local businesses to historic attractions, our interactive map will help you get there with ease.;;https://www.google.com/maps/embed?pb=!1m18!1m12!1m3!1d3375.8286448335634!2d-80.68420274937941!3d32.20884768105471!2m3!1f0!2f0!3f0!3m2!1i1024!2i768!4f13.1!3m3!1m2!1s0x88fc708943b710d9%3A0xd686a1204ed39b35!2sMarriott's+Barony+Beach+Club!5e0!3m2!1sen!2sus!4v1506091273300;8796163571713
Output Catalog:Online;SO-MapsAndTransportation-001;8796720119426;Maps and Transportation;Use the map below to acquire directions to the property.;;https://www.google.com/maps/embed?pb=!1m18!1m12!1m3!1d3592.546739817535!2d-80.13211024953404!3d25.78553078354568!2m3!1f0!2f0!3f0!3m2!1i1024!2i768!4f13.1!3m3!1m2!1s0x88d9b4904f24d955%3A0xb4010b2e81f2ab5d!2sMarriott+Vacation+Club+Pulse%2C+South+Beach!5e0!3m2!1sen!2sus!4v1506093059628;8796191621121
Output Catalog:Online;SD-ResortMapsAndTransportation-001;8796725853826;San Diego Maps and Transportation;From regional airports to local businesses to historic attractions, our interactive map will help you get there with ease.;;https://www.google.com/maps/embed?pb=!1m18!1m12!1m3!1d3356.7728572445053!2d-117.16007044936582!3d32.71866298089625!2m3!1f0!2f0!3f0!3m2!1i1024!2i768!4f13.1!3m3!1m2!1s0x80d954a6e59686f3%3A0x595a3da187af6322!2sMarriott+Vacation+Club+Pulse%2C+San+Diego!5e0!3m2!1sen!2sus!4v1506092978581;8796256960513
Output Catalog:Online;BK-resortMapAndTransportation-001;8797312564866;Maps and Transportation;From regional airports to local businesses to historic attractions, our interactive map will help you get there with ease.;;https://www.google.com/maps/embed?pb=!1m18!1m12!1m3!1d3875.9893913893625!2d100.5286949502638!3d13.719091990321337!2m3!1f0!2f0!3f0!3m2!1i1024!2i768!4f13.1!3m3!1m2!1s0x30e29f4d04147741%3A0xd3a46f74f3b1584d!2sMarriott's+Bangkok+Empire+Place!5e0!3m2!1sen!2sus!4v1506091373236;8796551970817
Output Catalog:Online;MapAndTransportation_00010;8796485566082;Maps and Transportation;From Regional Airports to local businesses to historic attractions, our interactive map will help you get there with ease.;;https://www.google.com/maps/embed?pb=!1m18!1m12!1m3!1d3509.5764593056365!2d-81.47316784947479!3d28.401857782423605!2m3!1f0!2f0!3f0!3m2!1i1024!2i768!4f13.1!3m3!1m2!1s0x88dd807e4c7ad67b%3A0x51861dcb1591dc00!2sMarriott's+Cypress+Harbour+Villas!5e0!3m2!1sen!2sus!4v1506091524599;8796163637249
Output Catalog:Online;MapAndTransportation_00046;8796537241218;Maps and Transportation;From regional airports to local businesses to historic attractions, our interactive map will help you get there with ease.;;https://www.google.com/maps/embed?pb=!1m18!1m12!1m3!1d3153.076216055861!2d-122.40540894922057!3d37.78825357965762!2m3!1f0!2f0!3f0!3m2!1i1024!2i768!4f13.1!3m3!1m2!1s0x8085808845d4d49d%3A0xf9b9bacb5ee5e635!2sRitz-Carlton+Club+and+Residences%2C+690+Market+St%2C+San+Francisco%2C+CA+94104!5e0!3m2!1sen!2sus!4v1506092847555;8796164423681
Output Catalog:Online;MapAndTransportation_00053;8796431695490;Maps and Transportation;From regional airports to local businesses to historic attractions, our interactive map will help you get there with ease.;;https://www.google.com/maps/embed?pb=!1m18!1m12!1m3!1d3201.646954050422!2d-93.27534644925524!3d36.634883879884704!2m3!1f0!2f0!3f0!3m2!1i1024!2i768!4f13.1!3m3!1m2!1s0x87cf1cbee2a86f05%3A0x911b855ceaa620ec!2sMarriott's+Willow+Ridge+Lodge!5e0!3m2!1sen!2sus!4v1506091901877;8796162785281
Output Catalog:Online;MapAndTransportation_00026;8796524723842;Maps and Transportation;From regional airports to local businesses to historic attractions, our interactive map will help you get there with ease.;;https://www.google.com/maps/embed?pb=!1m18!1m12!1m3!1d3378.521928637109!2d-80.81345504938135!3d32.1362109810777!2m3!1f0!2f0!3f0!3m2!1i1024!2i768!4f13.1!3m3!1m2!1s0x88fc789fdbad6feb%3A0xeda751e0b75caeba!2sMarriott's+Heritage+Club!5e0!3m2!1sen!2sus!4v1506091919996;8796164227073
Output Catalog:Online;MapAndTransportation_00024;8796526395010;Maps and Transportation;From Regional Airports to local businesses to historic attractions, our interactive map will help you get there with ease.;;https://www.google.com/maps/embed?pb=!1m18!1m12!1m3!1d3173.6479388364505!2d-76.78273504923528!3d37.303476979749085!2m3!1f0!2f0!3f0!3m2!1i1024!2i768!4f13.1!3m3!1m2!1s0x89b08b75e44f0467%3A0x831e2e0d9b0bd0e2!2sMarriott's+Manor+Club+at+Ford's+Colony!5e0!3m2!1sen!2sus!4v1506092173884;8796164259841
Output Catalog:Online;MapAndTransportation_00037;8796535373442;Maps and Transportation;From Regional Airports to local businesses to historic attractions, our interactive map will help you get there with ease.;;https://www.google.com/maps/embed?pb=!1m18!1m12!1m3!1d3510.835221314953!2d-81.5148040494757!3d28.36383098243883!2m3!1f0!2f0!3f0!3m2!1i1024!2i768!4f13.1!3m3!1m2!1s0x88dd802b143fa9e3%3A0x1e31abc159b9a163!2sMarriott's+Sabal+Palms!5e0!3m2!1sen!2sus!4v1506092959812;8796164390913
Output Catalog:Online;MapAndTransportation_00045;8796455517826;Maps and Transportation;<p>From regional airports to local businesses to historic attractions, our interactive map will help you get there with ease.</p>;;https://www.google.com/maps/embed?pb=!1m18!1m12!1m3!1d3088.921839535529!2d-120.13163304917477!3d39.26733997941472!2m3!1f0!2f0!3f0!3m2!1i1024!2i768!4f13.1!3m3!1m2!1s0x809962387c1f64fb%3A0xd486fa3c0ca947c3!2sThe+Ritz-Carlton+Club%2C+Lake+Tahoe!5e0!3m2!1sen!2sus!4v1506092943156;8796163145729
Output Catalog:Online;MapAndTransportation_00008;8796483141250;Maps and Transportation;From Regional Airports to local businesses to historic attractions, our interactive map will help you get there with ease.;;https://www.google.com/maps/embed?pb=!1m18!1m12!1m3!1d3588.4513567600175!2d-81.73032144953108!3d25.9204005834843!2m3!1f0!2f0!3f0!3m2!1i1024!2i768!4f13.1!3m3!1m2!1s0x88daee6703c6acc3%3A0xc157c9a0bdd4ac6c!2sMarriott's+Crystal+Shores!5e0!3m2!1sen!2sus!4v1506092251788;8796163604481
Output Catalog:Online;MapAndTransportation_00012;8796487401090;Maps and Transportation;From Regional Airports to local businesses to historic attractions, our interactive map will help you get there with ease.;;https://www.google.com/maps/embed?pb=!1m18!1m12!1m3!1d3317.336875101173!2d-116.36064554933775!3d33.75195968059379!2m3!1f0!2f0!3f0!3m2!1i1024!2i768!4f13.1!3m3!1m2!1s0x80dafc3bccd2a1e9%3A0xa4d948cab6a819e7!2sMarriott's+Desert+Springs+Villas!5e0!3m2!1sen!2sus!4v1506091724230;8796163670017
Output Catalog:Online;MapAndTransportation_00021;8796501360258;Maps and Transportation;From Regional Airports to local businesses to historic attractions, our interactive map will help you get there with ease.;;https://www.google.com/maps/embed?pb=!1m18!1m12!1m3!1d3716.4778763885506!2d-158.12340384962243!3d21.33163788576554!2m3!1f0!2f0!3f0!3m2!1i1024!2i768!4f13.1!3m3!1m2!1s0x79538e8682fb4d93%3A0xa1599fff1fa0d3f0!2sMarriott's+Ko+Olina+Beach+Club!5e0!3m2!1sen!2sus!4v1506092094204;8796163866625
Output Catalog:Online;au-resorMapsTransportation-001;8796849389186;Maps and Transportation;From Regional Airports to local businesses to historic attractions, our interactive map will help you get there with ease.;;https://www.google.com/maps/embed?pb=!1m18!1m12!1m3!1d3523.099559560304!2d153.42568495068556!3d-27.99085024568319!2m3!1f0!2f0!3f0!3m2!1i1024!2i768!4f13.1!3m3!1m2!1s0x6b91057ac81ecf6b%3A0x9d8d61b61c492276!2sMarriott+Vacation+Club+at+Surfers+Paradise!5e0!3m2!1sen!2sus!4v1506087237958;8796322496513
Output Catalog:Online;MapAndTransportation_00036;8796533276290;Maps and Transportation;From Regional Airports to local businesses to historic attractions, our interactive map will help you get there with ease.;;https://www.google.com/maps/embed?pb=!1m18!1m12!1m3!1d3510.9193808510895!2d-81.50632144947582!3d28.36128688243978!2m3!1f0!2f0!3f0!3m2!1i1024!2i768!4f13.1!3m3!1m2!1s0x88dd8032cabf3261%3A0xab98ad50aa690b79!2sMarriott's+Royal+Palms!5e0!3m2!1sen!2sus!4v1506092866515;8796164358145
Output Catalog:Online;MapAndTransportation_00025;8796439527042;Maps and Transportation;From Regional Airports to local businesses to historic attractions, our interactive map will help you get there with ease.;;https://www.google.com/maps/embed?pb=!1m18!1m12!1m3!1d3207.5905728205244!2d-4.7719228492594885!3d36.491603779915295!2m3!1f0!2f0!3f0!3m2!1i1024!2i768!4f13.1!3m3!1m2!1s0xd73208eaaaaaaab%3A0x33f51eb1d6b4fe56!2sMarriott's+Marbella+Beach+Resort!5e0!3m2!1sen!2sus!4v1506092189802;8796162916353
Output Catalog:Online;MapAndTransportation_00035;8796452929154;Maps and Transportation;From regional airports to local businesses to historic attractions, our interactive map will help you get there with ease.;;https://www.google.com/maps/embed?pb=!1m18!1m12!1m3!1d4696.564609485604!2d98.295350459343!3d8.170041898216985!2m3!1f0!2f0!3f0!3m2!1i1024!2i768!4f13.1!3m3!1m2!1s0x0%3A0xc7d0726f41dd1504!2sMarriott%E2%80%99s+Phuket+Beach+Club!5e0!3m2!1sen!2sus!4v1506111980827;8796163112961
Output Catalog:Online;MapAndTransportation_00058;8796504702594;Maps and Transportation;<p>From Regional Airports to local businesses to historic attractions, our interactive map will help you get there with ease</p>;;https://www.google.com/maps/embed?pb=!1m18!1m12!1m3!1d3104.852850648987!2d-77.04198374918622!3d38.90448017946935!2m3!1f0!2f0!3f0!3m2!1i1024!2i768!4f13.1!3m3!1m2!1s0x89b7b7b8da73eabd%3A0x5f1593f51895a6aa!2sMarriott+Vacation+Club+Pulse+at+The+Mayflower%2C+Washington%2C+D.C.!5e0!3m2!1sen!2sus!4v1506092358665;8796163932161
Output Catalog:Online;MapAndTransportation_00011;8796474752642;Maps and Transportation;From Regional Airports to local businesses to historic attractions, our interactive map will help you get there with ease.;;https://www.google.com/maps/embed?pb=!1m18!1m12!1m3!1d3317.338643204438!2d-116.36051204933771!3d33.7519139805939!2m3!1f0!2f0!3f0!3m2!1i1024!2i768!4f13.1!3m3!1m2!1s0x80dafc39b13f4c3d%3A0x6d6b94eb8bae1a6c!2sMarriott's+Desert+Springs+Villas+II!5e0!3m2!1sen!2sus!4v1506091789185;8796163506177
Output Catalog:Online;MapAndTransportation_00013;8796489989762;Maps and Transportation;From regional airports to local businesses to historic attractions, our interactive map will help you get there with ease.;;https://www.google.com/maps/embed?pb=!1m18!1m12!1m3!1d3080.9122197546503!2d-74.48298594916912!3d39.44871597938882!2m3!1f0!2f0!3f0!3m2!1i1024!2i768!4f13.1!3m3!1m2!1s0x89c0e5c1b5ac24df%3A0x50cd93376aa88b55!2sMarriott's+Fairway+Villas!5e0!3m2!1sen!2sus!4v1506091837354;8796163702785
Output Catalog:Online;MapAndTransportation_00014;8796517547650;Maps and Transportation;From regional airports to local businesses to historic attractions, our interactive map will help you get there with ease.;;https://www.google.com/maps/embed?pb=!1m18!1m12!1m3!1d3223.426455710027!2d-115.17164454927078!3d36.10746687999943!2m3!1f0!2f0!3f0!3m2!1i1024!2i768!4f13.1!3m3!1m2!1s0x80c8c434158000ed%3A0x8eb75db6a5f504de!2sMarriott's+Grand+Chateau!5e0!3m2!1sen!2sus!4v1506093394180;8796164096001
Output Catalog:Online;MapAndTransportation_00034;8796531244674;Maps and Transportation;From regional airports to local businesses to historic attractions, our interactive map will help you get there with ease.;;https://www.google.com/maps/embed?pb=!1m18!1m12!1m3!1d3561.982747173277!2d-80.03495134951221!3d26.776819883103734!2m3!1f0!2f0!3f0!3m2!1i1024!2i768!4f13.1!3m3!1m2!1s0x88d8d4f50243b7c3%3A0x7544fb800f94e341!2sMarriott's+Ocean+Pointe!5e0!3m2!1sen!2sus!4v1506092481490;8796164325377
Output Catalog:Online;MapAndTransportation_00044;8796538322562;Maps and Transportation;From regional airports to local businesses to historic attractions, our interactive map will help you get there with ease.;;https://www.google.com/maps/embed?pb=!1m18!1m12!1m3!1d3092.6711930036486!2d-106.85852554917749!3d39.182195079427295!2m3!1f0!2f0!3f0!3m2!1i1024!2i768!4f13.1!3m3!1m2!1s0x8740391b1297c1c3%3A0xcbdfe05851f7ad24!2sThe+Ritz+Carlton+Destination+Club!5e0!3m2!1sen!2sus!4v1506092739203;8796164456449
Output Catalog:Online;MapAndTransportation_00052;8796539436674;Maps and Transportation;From Regional Airports to local businesses to historic attractions, our interactive map will help you get there with ease.;;https://www.google.com/maps/embed?pb=!1m18!1m12!1m3!1d3702.5420878255663!2d-159.4581955496124!3d21.875191685475077!2m3!1f0!2f0!3f0!3m2!1i1024!2i768!4f13.1!3m3!1m2!1s0x7c071abdeb7c0eef%3A0xe0311d818b634bff!2sMarriott's+Waiohai+Beach+Club!5e0!3m2!1sen!2sus!4v1506093422051;8796164489217
Output Catalog:Online;MapAndTransportation_00031;8796528623234;Maps and Transportation;From Regional Airports to local businesses to historic attractions, our interactive map will help you get there with ease;;https://www.google.com/maps/embed?pb=!1m18!1m12!1m3!1d4700.629847322132!2d-117.84508671666997!3d33.58331530059857!2m3!1f0!2f0!3f0!3m2!1i1024!2i768!4f13.1!3m3!1m2!1s0x80dce1258d616ca7%3A0x1809856112b9460d!2sMarriott's+Newport+Coast+Villas!5e0!3m2!1sen!2sus!4v1506012934899;8796164292609
Output Catalog:Online;MapAndTransportation_00023;8796422192770;Maps and Transportation;<p>From Regional Airports to local businesses to historic attractions, our interactive map will help you get there with ease.</p>;;https://www.google.com/maps/embed?pb=!1m18!1m12!1m3!1d3450.3641244946084!2d-85.72898604943266!3d30.1410039817582!2m3!1f0!2f0!3f0!3m2!1i1024!2i768!4f13.1!3m3!1m2!1s0x889386ff5f1bd0e3%3A0x613e7f24bf7b7ae9!2sMarriott's+Legends+Edge+at+Bay+Point!5e0!3m2!1sen!2sus!4v1506092135965;8796162621441
Output Catalog:Online;MapAndTransportation_00020;8796436741762;Maps and Transportation;From Regional Airports to local businesses to historic attractions, our interactive map will help you get there with ease.;;https://www.google.com/maps/embed?pb=!1m18!1m12!1m3!1d3700.2964871081067!2d-159.34278214961085!3d21.96158118542944!2m3!1f0!2f0!3f0!3m2!1i1024!2i768!4f13.1!3m3!1m2!1s0x7c071eeddf3b6801%3A0x3c07218e77529a1!2sMarriott's+Kauai+Lagoons+-+Kalanipu'u!5e0!3m2!1sen!2sus!4v1506092075412;8796162850817
Output Catalog:Online;wk-resortMapsAndTransportation-001;8797012672130;Maps and Transportation;From Regional Airports to local businesses to historic attractions, our interactive map will help you get there with ease.;;https://www.google.com/maps/embed?pb=!1m18!1m12!1m3!1d3751.1887898702394!2d-155.88662149964713!3d19.91644768654564!2m3!1f0!2f0!3f0!3m2!1i1024!2i768!4f13.1!3m3!1m2!1s0x0%3A0xb4cc994c4f9179bc!2sWaikoloa+Beach+Marriott+Resort+%26+Spa!5e0!3m2!1sen!2sus!4v1506093514593;8796355264513
Output Catalog:Online;PA-resortMapsAndTransportation-001;8797311319682;Maps and Transportation;From Regional Airports to local businesses to historic attractions, our interactive map will help you get there with ease.;;https://www.google.com/maps/embed?pb=!1m18!1m12!1m3!1d3949.3213812504996!2d98.29422455021157!3d8.170341294090468!2m3!1f0!2f0!3f0!3m2!1i1024!2i768!4f13.1!3m3!1m2!1s0x3050459a800c4525%3A0xe20da06e9acf2bb3!2sMarriott's+Mai+Khao+Beach+-+Phuket!5e0!3m2!1sen!2sus!4v1506092443475;8796551938049
Output Catalog:Online;MapAndTransportation_00029;8796424093314;Maps and Transportation;From regional airports to local businesses to historic attractions, our interactive map will help you get there with ease.;;https://www.google.com/maps/embed?pb=!1m18!1m12!1m3!1d3079.7369808690437!2d-106.04832874916832!3d39.475270279385!2m3!1f0!2f0!3f0!3m2!1i1024!2i768!4f13.1!3m3!1m2!1s0x876af66182f55f39%3A0x9fe9fbf391f8127e!2sMarriott's+Mountain+Valley+Lodge+at+Breckenridge!5e0!3m2!1sen!2sus!4v1506092330895;8796162654209
Output Catalog:Online;MapAndTransportation_00015;8796492119682;Maps and Transportation;From regional airports to local businesses to historic attractions, our interactive map will help you get there with ease.;;https://www.google.com/maps/embed?pb=!1m18!1m12!1m3!1d3378.491243136858!2d-80.76422394938137!3d32.13703938107748!2m3!1f0!2f0!3f0!3m2!1i1024!2i768!4f13.1!3m3!1m2!1s0x88fc791c2fc7477f%3A0xa18688da26c2b522!2sMarriott's+Grande+Ocean!5e0!3m2!1sen!2sus!4v1506091859626;8796163735553
Output Catalog:Online;MapAndTransportation_00047;8796509879938;Maps and Transportation;From regional airports to local businesses to historic attractions, our interactive map will help you get there with ease.;;https://www.google.com/maps/embed?pb=!1m18!1m12!1m3!1d946.9009774644551!2d-64.84345404050453!3d18.319713250334694!2m3!1f0!2f0!3f0!3m2!1i1024!2i768!4f13.1!3m3!1m2!1s0x0%3A0x350f56f4819196a9!2sThe+Ritz-Carlton%2C+St.+Thomas!5e0!3m2!1sen!2sus!4v1508438220718;8796163997697
Output Catalog:Online;MapAndTransportation_00019;8796521086594;Maps and Transportation;From Regional Airports to local businesses to historic attractions, our interactive map will help you get there with ease.;;https://www.google.com/maps/embed?pb=!1m18!1m12!1m3!1d3510.924061507264!2d-81.50608104947575!3d28.361145382439936!2m3!1f0!2f0!3f0!3m2!1i1024!2i768!4f13.1!3m3!1m2!1s0x88dd8032cabf3261%3A0xf1918a5d96c9080b!2sMarriott's+Imperial+Palms+Villas!5e0!3m2!1sen!2sus!4v1506092024889;8796164161537
Output Catalog:Online;MapAndTransportation_00027;8796522888834;Maps and Transportation;From regional airports to local businesses to historic attractions, our interactive map will help you get there with ease.;;https://www.google.com/maps/embed?pb=!1m18!1m12!1m3!1d59222.70565701634!2d-159.4381276280012!3d21.918433975627234!2m3!1f0!2f0!3f0!3m2!1i1024!2i768!4f13.1!3m3!1m2!1s0x7c071ee6d2ac3435%3A0xab7968057307bacd!2sMarriott's+Kaua'i+Beach+Club!5e0!3m2!1sen!2sus!4v1506092057315;8796164194305
Output Catalog:Online;MapAndTransportation_00043;8796548710018;Maps and Transportation;From Regional Airports to local businesses to historic attractions, our interactive map will help you get there with ease.;;https://www.google.com/maps/embed?pb=!1m18!1m12!1m3!1d3376.257687475022!2d-80.70016454937975!3d32.197286381058326!2m3!1f0!2f0!3f0!3m2!1i1024!2i768!4f13.1!3m3!1m2!1s0x88fc709fa2f1e597%3A0x105a9e7acd835240!2sMarriott's+SurfWatch!5e0!3m2!1sen!2sus!4v1506093005939;8796164653057
Output Catalog:Online;MapAndTransportation_00056;8796433661570;Maps and Transportation;From Regional Airports to local businesses to historic attractions, our interactive map will help you get there with ease.;;https://www.google.com/maps/embed?pb=!1m18!1m12!1m3!1d3208.694921711786!2d-5.018860849260229!3d36.464928379920885!2m3!1f0!2f0!3f0!3m2!1i1024!2i768!4f13.1!3m3!1m2!1s0xd732a55902716e7%3A0x8513d7b8e3355c80!2sMarriott's+Playa+Andaluza!5e0!3m2!1sen!2sus!4v1506092497761;8796162818049
Output Catalog:Online;MapAndTransportation_00041;8796547006082;Maps and Transportation;From Regional Airports to local businesses to historic attractions, our interactive map will help you get there with ease.;;https://www.google.com/maps/embed?pb=!1m18!1m12!1m3!1d3027.17950249186!2d-111.49993334913086!3d40.64797337923749!2m3!1f0!2f0!3f0!3m2!1i1024!2i768!4f13.1!3m3!1m2!1s0x875272a2cad4c369%3A0xb59d32f00f41afe!2sMarriott's+Summit+Watch!5e0!3m2!1sen!2sus!4v1506093024676;8796164620289
Output Catalog:Online;MapAndTransportation_00033;8796450864770;Maps and Transportation;From Regional Airports to local businesses to historic attractions, our interactive map will help you get there with ease.;;https://www.google.com/maps/embed?pb=!1m18!1m12!1m3!1d3561.612887854831!2d-80.03545904951194!3d26.788606983098667!2m3!1f0!2f0!3f0!3m2!1i1024!2i768!4f13.1!3m3!1m2!1s0x88d8d4ec4328a4e9%3A0x2b9d3ee3e7109ae3!2sMarriott's+Oceana+Palms!5e0!3m2!1sen!2sus!4v1506093043035;8796163080193
Output Catalog:Online;Resort_TD_Maps_And_Transportation_001;8797766663810;Maps and Transportation;<p>From regional airports to local businesses to historic attractions, our interactive map will help you get there with ease.</p>;;https://www.google.com/maps/embed?pb=!1m18!1m12!1m3!1d3942.7770371022857!2d115.22338761531677!3d-8.807005793675096!2m3!1f0!2f0!3f0!3m2!1i1024!2i768!4f13.1!3m3!1m2!1s0x2dd2432632a802d9%3A0x9d0ae67d948c37f3!2sCourtyard+by+Marriott+Bali+Nusa+Dua+Resort!5e0!3m2!1sen!2sus!4v1506113614412;8796781248513
Output Catalog:Online;MapAndTransportation_00001;8796463971970;Maps and Transportation;From regional airports to local businesses to historic attractions, our interactive map will help you get there with ease.;;https://www.google.com/maps/embed?pb=!1m18!1m12!1m3!1d3102.603988411106!2d-119.94559724918462!3d38.955874479461365!2m3!1f0!2f0!3f0!3m2!1i1024!2i768!4f13.1!3m3!1m2!1s0x80999076f45f5f45%3A0xacbf68d790d53c88!2sGrand+Residences+by+Marriott%2C+Tahoe+-+1+to+3+bedrooms+%26+Pent.!5e0!3m2!1sen!2sus!4v1506092718525;8796163342337
Output Catalog:Online;MapAndTransportation_00018;8796496674434;Maps and Transportation;From regional airports to local businesses to historic attractions, our interactive map will help you get there with ease.;;https://www.google.com/maps/embed?pb=!1m18!1m12!1m3!1d3376.818675892448!2d-80.73754004938012!3d32.18216398106324!2m3!1f0!2f0!3f0!3m2!1i1024!2i768!4f13.1!3m3!1m2!1s0x88fc79eefae90f59%3A0xd1020541fe9da945!2sMarriott's+Harbour+Point+and+Sunset+Pointe+at+Shelter+Cove!5e0!3m2!1sen!2sus!4v1506091975695;8796163801089
Output Catalog:Online;MapAndTransportation_00038;8796514008706;Maps and Transportation;From Regional Airports to local businesses to historic attractions, our interactive map will help you get there with ease.;;https://www.google.com/maps/embed?pb=!1m18!1m12!1m3!1d3316.2165840766966!2d-116.38596824933691!3d33.780904780585836!2m3!1f0!2f0!3f0!3m2!1i1024!2i768!4f13.1!3m3!1m2!1s0x80dafd10888f63bf%3A0x7debf76dec5970ed!2sMarriott's+Shadow+Ridge+I-The+Villages!5e0!3m2!1sen!2sus!4v1506093216371;8796164063233
Output Catalog:Online;MapAndTransportation_00054;8796541697666;Maps and Transportation;From Regional Airports to local businesses to historic attractions, our interactive map will help you get there with ease.;;https://www.google.com/maps/embed?pb=!1m18!1m12!1m3!1d3787.516092646383!2d-64.92268004967302!3d18.323724987462757!2m3!1f0!2f0!3f0!3m2!1i1024!2i768!4f13.1!3m3!1m2!1s0x8c051a6457ffa9bd%3A0x8c3183b753cfb2ad!2sMarriott's+Frenchman's+Cove!5e0!3m2!1sen!2sus!4v1506093373045;8796164521985
Output Catalog:Online;MapAndTransportation_00032;8796498247298;Maps and Transportation;From Regional Airports to local businesses to historic attractions, our interactive map will help you get there with ease.;;https://www.google.com/maps/embed?pb=!1m18!1m12!1m3!1d3317.4219002947784!2d-78.81050704933784!3d33.74976198059451!2m3!1f0!2f0!3f0!3m2!1i1024!2i768!4f13.1!3m3!1m2!1s0x890065c66dd31705%3A0x6acec07b228880a7!2sMarriott's+OceanWatch+Villas+at+Grande+Dunes!5e0!3m2!1sen!2sus!4v1506092416280;8796163833857
Output Catalog:Online;MapAndTransportation_00055;8796544188034;Maps and Transportation;From Regional Airports to local businesses to historic attractions, our interactive map will help you get there with ease.;;https://www.google.com/maps/embed?pb=!1m18!1m12!1m3!1d3509.708244470039!2d-81.45645518545655!3d28.397878782511!2m3!1f0!2f0!3f0!3m2!1i1024!2i768!4f13.1!3m3!1m2!1s0x88dd7ef77886b19f%3A0x4c56e2821c92bfc7!2sMarriott's+Grande+Vista!5e0!3m2!1sen!2sus!4v1506005567552;8796164554753
Output Catalog:Online;MapAndTransportation_00022;8796506701442;Maps and Transportation;From Regional Airports to local businesses to historic attractions, our interactive map will help you get there with ease.;;https://www.google.com/maps/embed?pb=!1m18!1m12!1m3!1d3509.641757841784!2d-81.42874604947488!3d28.39988628242428!2m3!1f0!2f0!3f0!3m2!1i1024!2i768!4f13.1!3m3!1m2!1s0x88dd8754e097937d%3A0x9de5d9ff523cf743!2sMarriott's+Lakeshore+Reserve!5e0!3m2!1sen!2sus!4v1506092157781;8796163964929
Output Catalog:Online;MapAndTransportation_00049;8796446113410;Maps and Transportation;From regional airports to local businesses to historic attractions, our interactive map will help you get there with ease.;;https://www.google.com/maps/embed?pb=!1m18!1m12!1m3!1d3102.558704877532!2d-119.94421124918453!3d38.95690877946123!2m3!1f0!2f0!3f0!3m2!1i1024!2i768!4f13.1!3m3!1m2!1s0x809990770fafa03b%3A0xcb25cce99dc19292!2sMarriott's+Timber+Lodge!5e0!3m2!1sen!2sus!4v1506093356693;8796163014657
Output Catalog:Online;MapAndTransportation_00042;8796430024322;Maps and Transportation;From regional airports to local businesses to historic attractions, our interactive map will help you get there with ease.;;https://www.google.com/maps/embed?pb=!1m18!1m12!1m3!1d3376.818675892448!2d-80.73754004938012!3d32.18216398106324!2m3!1f0!2f0!3f0!3m2!1i1024!2i768!4f13.1!3m3!1m2!1s0x88fc79eefae90f59%3A0xd1020541fe9da945!2sMarriott's+Harbour+Point+and+Sunset+Pointe+at+Shelter+Cove!5e0!3m2!1sen!2sus!4v1506091975695;8796162752513
Output Catalog:Online;MapAndTransportation_00002;8796459449986;Maps and Transportation;From Regional Airports to local businesses to historic attractions, our interactive map will help you get there with ease.;;https://www.google.com/maps/embed?pb=!1m18!1m12!1m3!1d3894.0422184861227!2d-70.04490394971232!3d12.579467926721431!2m3!1f0!2f0!3f0!3m2!1i1024!2i768!4f13.1!3m3!1m2!1s0x8e8538023a2d3323%3A0x85248a347eba09eb!2sMarriott's+Aruba+Ocean+Club!5e0!3m2!1sen!2sus!4v1506087143814;8796163276801
Output Catalog:Online;MapAndTransportation_00006;8796467248770;Maps and Transportation;From Regional Airports to local businesses to historic attractions, our interactive map will help you get there with ease.;;https://www.google.com/maps/embed?pb=!1m18!1m12!1m3!1d3319.964198945449!2d-111.97468374933962!3d33.68399118061308!2m3!1f0!2f0!3f0!3m2!1i1024!2i768!4f13.1!3m3!1m2!1s0x872b70c2cfcb7d0b%3A0x4bd5be01185ac847!2sMarriott's+Canyon+Villas!5e0!3m2!1sen!2sus!4v1506091490085;8796163407873
Output Catalog:Online;MapAndTransportation_00009;8796472721026;Maps and Transportation;From Regional Airports to local businesses to historic attractions, our interactive map will help you get there with ease.;;https://www.google.com/maps/embed?pb=!1m18!1m12!1m3!1d2948.2247171352483!2d-71.05570504907459!3d42.35904997908481!2m3!1f0!2f0!3f0!3m2!1i1024!2i768!4f13.1!3m3!1m2!1s0x89e370865141e603%3A0xffc56ed7af2c7c43!2sMarriott+Vacation+Club+Pulse+at+Custom+House%2C+Boston!5e0!3m2!1sen!2sus!4v1506091453101;8796163473409
Output Catalog:Online;MapAndTransportation_00039;8796425830018;Maps and Transportation;From Regional Airports to local businesses to historic attractions, our interactive map will help you get there with ease.;;https://www.google.com/maps/embed?pb=!1m18!1m12!1m3!1d3809.4848242926955!2d-62.6876162496887!3d17.292141588077563!2m3!1f0!2f0!3f0!3m2!1i1024!2i768!4f13.1!3m3!1m2!1s0x8c121a4ad466bb63%3A0xb701a568a6f48cea!2sMarriott's+St.+Kitts+Beach+Club!5e0!3m2!1sen!2sus!4v1506092110835;8796162686977
Output Catalog:Online;MapAndTransportation_00028;8796448996994;Maps and Transportation;From regional airports to local businesses to historic attractions, our interactive map will help you get there with ease.;;https://www.google.com/maps/embed?pb=!1m18!1m12!1m3!1d3378.935362054888!2d-80.78998144938168!3d32.12504788108142!2m3!1f0!2f0!3f0!3m2!1i1024!2i768!4f13.1!3m3!1m2!1s0x88fb874c9a4f8001%3A0x7b1b036f49d9391d!2sMarriott's+Monarch+at+Sea+Pines!5e0!3m2!1sen!2sus!4v1506092286547;8796163047425
Output Catalog:Online;MapAndTransportation_00051;8796456926850;Maps and Transportation;From regional airports to local businesses to historic attractions, our interactive map will help you get there with ease.;;https://www.google.com/maps/embed?pb=!1m18!1m12!1m3!1d3591.7353361686414!2d-80.33759934953343!3d25.81230418353334!2m3!1f0!2f0!3f0!3m2!1i1024!2i768!4f13.1!3m3!1m2!1s0x88d9b962237ca463%3A0xf6a54976dd6af686!2sMarriott's+Villas+at+Doral!5e0!3m2!1sen!2sus!4v1506091593273;8796163178497
Output Catalog:Online;MapAndTransportation_00048;8796444737154;Maps and Transportation;From regional airports to local businesses to historic attractions, our interactive map will help you get there with ease.;;https://www.google.com/maps/embed?pb=!1m18!1m12!1m3!1d3072.3272105401543!2d-106.39532404916304!3d39.642349979361825!2m3!1f0!2f0!3f0!3m2!1i1024!2i768!4f13.1!3m3!1m2!1s0x876a70602b6365fb%3A0x26c1b5d12967b4e4!2sThe+Ritz+Carlton+Club%2C+Vail!5e0!3m2!1sen!2sus!4v1506093408226;8796162981889
Output Catalog:Online;MapAndTransportation_00017;8796494151298;Maps and Transportation;From Regional Airports to local businesses to historic attractions, our interactive map will help you get there with ease.;;https://www.google.com/maps/embed?pb=!1m18!1m12!1m3!1d3509.518102778906!2d-81.47990724947479!3d28.403619582422735!2m3!1f0!2f0!3f0!3m2!1i1024!2i768!4f13.1!3m3!1m2!1s0x88dd807932efce77%3A0x95b770a92b13231b!2sMarriott's+Harbour+Lake!5e0!3m2!1sen!2sus!4v1506091958839;8796163768321
