# &Item;@media;URL;altText;assignedCockpitItemTemplates;catalog;catalogVersion;code;comments;creationtime;dataPK;deniedPrincipals;derivedMedias;description;folder;internalURL;location;locationHash;mediaContainer;mediaFormat;mime;modifiedtime;owner;permittedPrincipals;realFileName;removable;savedValues;size;subFolderPath;supercategories
Item0;8877076971550.pdf;/medias/8806556336158.pdf?context=bWFzdGVyfHJvb3R8NTY4ODY0MHxhcHBsaWNhdGlvbi9wZGZ8aGE0L2gxNy84ODc3MDc2OTcxNTUwLnBkZnw0NmQxMzViYjRiZWMxZTM5NjgwMDVkZTU4ZTE0ODQ1ODk2YzI3OTc0OWU3NTY1ZmFiZGY3NWJmYTYxZmNmYTdm;;;Output Catalog;Output Catalog:Online;Resort-MS-MediaCode-resortMapPDF;;06.02.2016 11:32:56;8,877,076,971,550;;;;root;replicated273654712;ha4/h17/8877076971550.pdf;46d135bb4bec1e3968005de58e14845896c279749e7565fabdf75bfa61fcfa7f;;;application/pdf;11.01.2017 01:16:46;;;8806556336158.pdf;true;;5,688,640;;
Item1;8877075136542.pdf;/medias/BUG-25277-160779-11-WebResortMapsFN.pdf?context=bWFzdGVyfHJvb3R8OTUyNDA4fGFwcGxpY2F0aW9uL3BkZnxoNDQvaGVkLzg4NzcwNzUxMzY1NDIucGRmfGU2ZjFjNDc2NjFjZDI3MjU0NDAzMDcyNDM4MDQ1OGUyNmIzZmFhNTk0YTk5NGE0YTFlOTYwZjU1MDU0ZTdiYjg;;;Output Catalog;Output Catalog:Online;Resort-CH-MediaCode-resortMapPDF;;06.02.2016 11:33:44;8,877,075,136,542;;;;root;replicated273654712;h44/hed/8877075136542.pdf;e6f1c47661cd272544030724380458e26b3faa594a994a4a1e960f55054e7bb8;;;application/pdf;11.01.2017 01:16:46;;;BUG-25277-160779-11-WebResortMapsFN.pdf;true;;952,408;;
Item2;8877073006622.pdf;/medias/8806552371230.pdf?context=bWFzdGVyfHJvb3R8MTU3MjAzfGFwcGxpY2F0aW9uL3BkZnxoMGIvaDQwLzg4NzcwNzMwMDY2MjIucGRmfDcyMmExZTM1NGUwNmM1OTkxY2U1NmNmNzk3NjEyZDA2YWY1NzY1Y2Y2OWRmODBiMTYwMDJhMmRiOTExNjQ3MzY;;;Output Catalog;Output Catalog:Online;Resort-DS-MediaCode-resortMapPDF;;06.02.2016 11:33:47;8,877,073,006,622;;;;root;replicated273654712;h0b/h40/8877073006622.pdf;722a1e354e06c5991ce56cf797612d06af5765cf69df80b16002a2db91164736;;;application/pdf;11.01.2017 01:16:47;;;8806552371230.pdf;true;;157,203;;
Item3;8906150707230.pdf;/medias/crystalShoresResortMap.pdf?context=bWFzdGVyfHJvb3R8ODQ3ODY1fGFwcGxpY2F0aW9uL3BkZnxoZmEvaDYxLzg5MDYxNTA3MDcyMzAucGRmfGFkMDMzNjBhYTBmN2ZmMjVmYmMyYTQ1ODY2YTZjNzY4Y2JhZGE5MTJlNDM5NDRiYTljM2E2ODBiZDRmYzkxZGQ;;;Output Catalog;Output Catalog:Online;Resort-ML-MediaCode-resortMapPDF;;06.02.2016 11:34:01;8,906,150,707,230;;;;root;replicated273654712;hfa/h61/8906150707230.pdf;ad03360aa0f7ff25fbc2a45866a6c768cbada912e43944ba9c3a680bd4fc91dd;;;application/pdf;18.07.2017 02:29:00;;;crystalShoresResortMap.pdf;true;;847,865;;
Item4;8881521623070.pdf;/medias/arubaSurfClubResortMap.pdf?context=bWFzdGVyfHJvb3R8NjM0MDY0fGFwcGxpY2F0aW9uL3BkZnxoZDYvaDg2Lzg4ODE1MjE2MjMwNzAucGRmfDExMmNiMjkwNWQxZTBlZjAzNTJjMzdkNDE0ZWQxNmNlYWIxMGMyNjUyMmVmOWE0YzgyZTgzMTJjMDIwYWYxNjU;;;Output Catalog;Output Catalog:Online;Resort-AC-MediaCode-resortMapPDF;;06.02.2016 11:33:27;8,881,521,623,070;;;;root;replicated273654712;hd6/h86/8881521623070.pdf;112cb2905d1e0ef0352c37d414ed16ceab10c26522ef9a4c82e8312c020af165;;;application/pdf;23.01.2017 02:44:21;;;arubaSurfClubResortMap.pdf;true;;634,064;;
Item5;8877072875550.pdf;/medias/8806552240158.pdf?context=bWFzdGVyfHJvb3R8NjY1MzkxfGFwcGxpY2F0aW9uL3BkZnxoZjUvaGM2Lzg4NzcwNzI4NzU1NTAucGRmfDc2NjAxYzliZTQyMTNjNGNmYzRhZjY2NTlmMzY0YjNhYThkZmM3YTQ4ZjNjNTRiOWQ1MTc4NDEzMzA3MmM0OGE;;;Output Catalog;Output Catalog:Online;Resort-CY-MediaCode-resortMapPDF;;06.02.2016 11:34:05;8,877,072,875,550;;;;root;replicated273654712;hf5/hc6/8877072875550.pdf;76601c9be4213c4cfc4af6659f364b3aa8dfc7a48f3c54b9d51784133072c48a;;;application/pdf;11.01.2017 01:16:59;;;8806552240158.pdf;true;;665,391;;
Item6;8938245488670.pdf;/medias/grandChateauResortMap.pdf?context=bWFzdGVyfHJvb3R8Nzg0Mjd8YXBwbGljYXRpb24vcGRmfGg1Yy9oZWUvODkzODI0NTQ4ODY3MC5wZGZ8ZWZjNThiMTk3NThhOTQwMzc1MWIxZmVmZGJhNzA1OTNlYjNhZmMxZjIzOGVlZGMxYTM2MWIwZjhmMWQ2ZmI3Yw;;;Output Catalog;Output Catalog:Online;Resort-VG-MediaCode-resortMapPDF;;06.02.2016 11:35:00;8,938,245,488,670;;;;root;replicated273654712;h5c/hee/8938245488670.pdf;efc58b19758a9403751b1fefdba70593eb3afc1f238eedc1a361b0f8f1d6fb7c;;;application/pdf;01.03.2018 01:43:35;;;grandChateauResortMap.pdf;true;;78,427;;
Item7;8877074808862.pdf;/medias/8806554173470.pdf?context=bWFzdGVyfHJvb3R8MTU4MjM2fGFwcGxpY2F0aW9uL3BkZnxoMTkvaGFmLzg4NzcwNzQ4MDg4NjIucGRmfDViMmM2OGUzMDgzYjM3MjhiOTVhNDg4Mjk5NzBhMTQ1ZDk5ZDQyZDY3NTdkZWRmMmU3YWJkY2UyNGE1NGE5Mjk;;;Output Catalog;Output Catalog:Online;Resort-MC-MediaCode-resortMapPDF;;06.02.2016 11:33:38;8,877,074,808,862;;;;root;replicated273654712;h19/haf/8877074808862.pdf;5b2c68e3083b3728b95a48829970a145d99d42d6757dedf2e7abdce24a54a929;;;application/pdf;11.01.2017 01:16:44;;;8806554173470.pdf;true;;158,236;;
Item8;8889933168670.pdf;/medias/1783780-GV-M-003-SiteMap-Layered-WB.pdf?context=bWFzdGVyfHJvb3R8NDE5MTMwfGFwcGxpY2F0aW9uL3BkZnxoMGYvaGYxLzg4ODk5MzMxNjg2NzAucGRmfGY1ODYzNmRhOGZkZTVjYjdhNzk4ZDQ1ZDUxOTViNTg2Yjg2NjAxZDhlMDhlMzE0ZDFhYWUyNmFkMzFlNmZjMDI;;;Output Catalog;Output Catalog:Online;Resort-GV-MediaCode-resortMapPDF;;06.02.2016 11:35:48;8,889,933,168,670;;;;root;replicated273654712;h0f/hf1/8889933168670.pdf;f58636da8fde5cb7a798d45d5195b586b86601d8e08e314d1aae26ad31e6fc02;Input Catalog:Staged:Resort_GV_Media_Container_004;;application/pdf;28.02.2017 04:03:35;;;1783780_GV-M-003_SiteMap_Layered_WB.pdf;true;;419,130;;
Item9;8877077463070.pdf;/medias/8806556827678.pdf?context=bWFzdGVyfHJvb3R8Mjc4MjgyfGFwcGxpY2F0aW9uL3BkZnxoNjAvaDIzLzg4NzcwNzc0NjMwNzAucGRmfGQ1ZDIzNDkyNDJhNTIyZWFhZTU0YzAxOTIyNjVkODI2OGE3OWQwOTA5MzAwZWFkMTcyMTEyMDAzM2ZmNTM5Njg;;;Output Catalog;Output Catalog:Online;Resort-PB-MediaCode-resortMapPDF;;06.02.2016 11:33:14;8,877,077,463,070;;;;root;replicated273654712;h60/h23/8877077463070.pdf;d5d2349242a522eaae54c0192265d8268a79d0909300ead1721120033ff53968;;;application/pdf;11.01.2017 01:17:04;;;8806556827678.pdf;true;;278,282;;
Item10;8877072613406.pdf;/medias/8806551978014.pdf?context=bWFzdGVyfHJvb3R8OTU0MjV8YXBwbGljYXRpb24vcGRmfGgxZC9oMTcvODg3NzA3MjYxMzQwNi5wZGZ8ZTNkNzA1NDAzNTZmMTQ5NzEyYmYwMzczYzhhMmUyOGE2ZDVhMzRhZGE0N2JiMGFmMzU1NzQzOTMwNDIwNWU4Nw;;;Output Catalog;Output Catalog:Online;Resort-GRC-MediaCode-resortMapPDF;;06.02.2016 11:33:30;8,877,072,613,406;;;;root;replicated273654712;h1d/h17/8877072613406.pdf;e3d70540356f149712bf0373c8a2e28a6d5a34ada47bb0af3557439304205e87;;;application/pdf;11.01.2017 01:17:09;;;8806551978014.pdf;true;;95,425;;
Item11;8877078544414.pdf;/medias/8806557909022.pdf?context=bWFzdGVyfHJvb3R8NzczODE5fGFwcGxpY2F0aW9uL3BkZnxoNjkvaGI4Lzg4NzcwNzg1NDQ0MTQucGRmfGExZGQzOWRkYWI2Yjg3NDI0ZmFhMmFhM2UzMzYyMGY4NWJiOGEyMDYyZDA2Y2U1YWZkNzJjNzU3OTQ1OGVmODY;;;Output Catalog;Output Catalog:Online;Resort-WI-MediaCode-resortMapPDF;;06.02.2016 11:35:39;8,877,078,544,414;;;;root;replicated273654712;h69/hb8/8877078544414.pdf;a1dd39ddab6b87424faa2aa3e33620f85bb8a2062d06ce5afd72c7579458ef86;;;application/pdf;11.01.2017 01:16:48;;;8806557909022.pdf;true;;773,819;;
Item12;8877075660830.pdf;/medias/8806555025438.pdf?context=bWFzdGVyfHJvb3R8NTA5NzUxfGFwcGxpY2F0aW9uL3BkZnxoNjkvaDcyLzg4NzcwNzU2NjA4MzAucGRmfGYxZDM5ZDE1ZGNkYTdmNTYzNThhYjQ3MWEzYTVkNDE3MDY3NzAzMTY5NDQ3ZDdlZmI4YmNhZDA5MmZkMDFkOTE;;;Output Catalog;Output Catalog:Online;Resort-HA-MediaCode-resortMapPDF;;06.02.2016 11:35:03;8,877,075,660,830;;;;root;replicated273654712;h69/h72/8877075660830.pdf;f1d39d15dcda7f56358ab471a3a5d417067703169447d7efb8bcad092fd01d91;;;application/pdf;11.01.2017 01:16:36;;;8806555025438.pdf;true;;509,751;;
Item13;8877073399838.pdf;/medias/8806552764446.pdf?context=bWFzdGVyfHJvb3R8NDkxMzUxfGFwcGxpY2F0aW9uL3BkZnxoOTAvaGQyLzg4NzcwNzMzOTk4MzgucGRmfDA4NDExZDM3YzVkNDFhZGM2N2VjZDkwZTA1NDM4Y2FkYWYwYWQ4NTBlMzc0Y2U2ZGY1ZmU0ZjRhZmJhZDZkZjY;;;Output Catalog;Output Catalog:Online;Resort-IM-MediaCode-resortMapPDF;;06.02.2016 11:35:07;8,877,073,399,838;;;;root;replicated273654712;h90/hd2/8877073399838.pdf;08411d37c5d41adc67ecd90e05438cadaf0ad850e374ce6df5fe4f4afbad6df6;;;application/pdf;11.01.2017 01:16:46;;;8806552764446.pdf;true;;491,351;;
Item14;8883299778590.pdf;/medias/canyonVillasResortMap.pdf?context=bWFzdGVyfHJvb3R8MjkxNjk2fGFwcGxpY2F0aW9uL3BkZnxoNmQvaGZkLzg4ODMyOTk3Nzg1OTAucGRmfDVkMDIzNDQwNTM5NDAwMTFhMWY2YjBjM2MwNTMyYTRiM2FiN2M4NWY5N2UwNmFiNjJkZGFjOTI1YzI4OTM1YjM;;;Output Catalog;Output Catalog:Online;Resort-CV-MediaCode-resortMapPDF;;06.02.2016 11:33:35;8,883,299,778,590;;;;root;replicated273654712;h6d/hfd/8883299778590.pdf;5d02344053940011a1f6b0c3c0532a4b3ab7c85f97e06ab62ddac925c28935b3;;;application/pdf;26.01.2017 10:42:43;;;canyonVillasResortMap.pdf;true;;291,696;;
Item15;8885358166046.pdf;/medias/mauiOceanClubResortMap.pdf?context=bWFzdGVyfHJvb3R8NjYwMjcxfGFwcGxpY2F0aW9uL3BkZnxoYWYvaDlkLzg4ODUzNTgxNjYwNDYucGRmfDUzNjAzNzYxNjEyNzEwZTgyNzYyMWJkYjcyYTViN2JhODUwMGZiYmQ5Y2EzNzA2ODBhZjhmODM0NTgxMDI3ZTU;;;Output Catalog;Output Catalog:Online;Resort-MH-MediaCode-resortMapPDF;;06.02.2016 11:33:53;8,885,358,166,046;;;;root;replicated273654712;haf/h9d/8885358166046.pdf;53603761612710e827621bdb72a5b7ba8500fbbd9ca370680af8f834581027e5;;;application/pdf;02.02.2017 01:22:16;;;mauiOceanClubResortMap.pdf;true;;660,271;;
Item16;8877079527454.pdf;/medias/8806558892062.pdf?context=bWFzdGVyfHJvb3R8NDM0ODExfGFwcGxpY2F0aW9uL3BkZnxoM2IvaDlkLzg4NzcwNzk1Mjc0NTQucGRmfDNlOTA2MDZlZDVhZmY2ZTZmNmUxZThlYTRlYTAxZTlmYjVmNDM3OTg0MTRjZWQ4MGIzOWE2YmU2MTgwZjU1NjA;;;Output Catalog;Output Catalog:Online;Resort-UV-MediaCode-resortMapPDF;;06.02.2016 11:35:43;8,877,079,527,454;;;;root;replicated273654712;h3b/h9d/8877079527454.pdf;3e90606ed5aff6e6f6e1e8ea4ea01e9fb5f43798414ced80b39a6be6180f5560;Input Catalog:Staged:Resort_UV_Media_Container_004;;application/pdf;11.01.2017 01:16:06;;;8806558892062.pdf;true;;434,811;;
Item17;8893303259166.pdf;/medias/playaAndaluzaResortMap.pdf?context=bWFzdGVyfHJvb3R8MjA5NTYxfGFwcGxpY2F0aW9uL3BkZnxoZmYvaGIzLzg4OTMzMDMyNTkxNjYucGRmfGNiNmEwNzJlNGM0Nzc2MTU4M2QwYzVlZjMwMGViNGNjYzI5NWIwNjIzNDVhMzNhNjEzYjEzZDViYTNiNjQ5NmY;;;Output Catalog;Output Catalog:Online;Resort-PY-MediaCode-resortMapPDF;;06.02.2016 11:32:43;8,893,303,259,166;;;;root;replicated273654712;hff/hb3/8893303259166.pdf;cb6a072e4c47761583d0c5ef300eb4ccc295b062345a33a613b13d5ba3b6496f;Input Catalog:Staged:Resort_PY_Media_Container_004;;application/pdf;28.03.2017 11:41:31;;;playaAndaluzaResortMap.pdf;true;;209,561;;
Item18;8877072318494.pdf;/medias/8806551683102.pdf?context=bWFzdGVyfHJvb3R8MTM0NDEzfGFwcGxpY2F0aW9uL3BkZnxoNzQvaDVjLzg4NzcwNzIzMTg0OTQucGRmfGE0NDcyM2JiNDhhNjA0YmI3NmNkMzM0NWI5MjVmMjY5OTlhYzE1NGY5NGYxZGRmYTg0YzE1MzI2YzBiYTMwMTI;;;Output Catalog;Output Catalog:Online;Resort-SS-MediaCode-resortMapPDF;;06.02.2016 11:32:35;8,877,072,318,494;;;;root;replicated273654712;h74/h5c/8877072318494.pdf;a44723bb48a604bb76cd3345b925f26999ac154f94f1ddfa84c15326c0ba3012;;;application/pdf;11.01.2017 01:16:53;;;8806551683102.pdf;true;;134,413;;
Item19;8882468454430.pdf;/medias/grandeOceanResortMap.pdf?context=bWFzdGVyfHJvb3R8NjEzNjE0fGFwcGxpY2F0aW9uL3BkZnxoNGYvaDJjLzg4ODI0Njg0NTQ0MzAucGRmfDIzMzQ4YmMyZjliYmJlNzJhYmM5ODU1ODk5NTQzMWVkZWI0MWRiZTc0YTVlYjllZGM2MDcyNTFhYTdlYWVkNjA;;;Output Catalog;Output Catalog:Online;Resort-GR-MediaCode-resortMapPDF;;06.02.2016 11:34:16;8,882,468,454,430;;;;root;replicated273654712;h4f/h2c/8882468454430.pdf;23348bc2f9bbbe72abc98558995431edeb41dbe74a5eb9edc607251aa7eaed60;;;application/pdf;23.01.2017 02:44:21;;;grandeOceanResortMap.pdf;true;;613,614;;
Item20;8877075791902.pdf;/medias/8806555156510.pdf?context=bWFzdGVyfHJvb3R8Mjc4NzUyfGFwcGxpY2F0aW9uL3BkZnxoZGUvaGZiLzg4NzcwNzU3OTE5MDIucGRmfDQ5ZTNjN2E0ZmViNTA4NzM2ZDc0ODllNjBhN2JjNmI2MzNlOWRlYzBhNmRhMzBhMDhjYWYxNjI0MWJkYzg4NTc;;;Output Catalog;Output Catalog:Online;Resort-HP-MediaCode-resortMapPDF;;06.02.2016 11:34:24;8,877,075,791,902;;;;root;replicated273654712;hde/hfb/8877075791902.pdf;49e3c7a4feb508736d7489e60a7bc6b633e9dec0a6da30a08caf16241bdc8857;;;application/pdf;11.01.2017 01:17:05;;;8806555156510.pdf;true;;278,752;;
Item21;8881523097630.pdf;/medias/arubaOceanClubResortMap.pdf?context=bWFzdGVyfHJvb3R8MTA0OTY5MHxhcHBsaWNhdGlvbi9wZGZ8aDM2L2gyMS84ODgxNTIzMDk3NjMwLnBkZnxkMGE3MmJlYjMwOWNhYTYyOWNhOGVjYWVmYWNmNjZmODg3MmM5ZjE5NzEwMWZmODViOWRiYjQxMWQ3YWFlMWFm;;;Output Catalog;Output Catalog:Online;Resort-AB-MediaCode-resortMapPDF;;06.02.2016 11:33:24;8,881,523,097,630;;;;root;replicated273654712;h36/h21/8881523097630.pdf;d0a72beb309caa629ca8ecaefacf66f8872c9f197101ff85b9dbb411d7aae1af;;;application/pdf;23.01.2017 02:44:21;;;arubaOceanClubResortMap.pdf;true;;1,049,690;;
Item22;8877074546718.pdf;/medias/8806553911326.pdf?context=bWFzdGVyfHJvb3R8MjIyNzk5fGFwcGxpY2F0aW9uL3BkZnxoMzQvaDgyLzg4NzcwNzQ1NDY3MTgucGRmfDI4MTliYWZhYjc5NDExY2U2NTU5NjU4YmUyZmU5NDM0ZDM4MTE4YjQzNmYyNTZjM2YxMmU5YzM4YWMyOGQ2YTc;;;Output Catalog;Output Catalog:Online;Resort-BB-MediaCode-resortMapPDF;;06.02.2016 11:33:59;8,877,074,546,718;;;;root;replicated273654712;h34/h82/8877074546718.pdf;2819bafab79411ce6559658be2fe9434d38118b436f256c3f12e9c38ac28d6a7;;;application/pdf;11.01.2017 01:17:18;;;8806553911326.pdf;true;;222,799;;
Item23;8877078675486.pdf;/medias/8806558040094.pdf?context=bWFzdGVyfHJvb3R8NDAyNDY0fGFwcGxpY2F0aW9uL3BkZnxoNWQvaDZlLzg4NzcwNzg2NzU0ODYucGRmfDI5YzRkOWMwNjViYTIwOWI5NzdhOGRmMDlmNDcxZGU2Yjc3NDk4MWQ0NWFiYzJiNmZhNDI5Y2I0YmUyOTExMmY;;;Output Catalog;Output Catalog:Online;Resort-HB-MediaCode-resortMapPDF;;06.02.2016 11:32:41;8,877,078,675,486;;;;root;replicated273654712;h5d/h6e/8877078675486.pdf;29c4d9c065ba209b977a8df09f471de6b774981d45abc2b6fa429cb4be29112f;;;application/pdf;11.01.2017 01:16:41;;;8806558040094.pdf;true;;402,464;;
Item24;8877078118430.pdf;/medias/8806557483038.pdf?context=bWFzdGVyfHJvb3R8NjMwNTMwfGFwcGxpY2F0aW9uL3BkZnxoZTMvaDhlLzg4NzcwNzgxMTg0MzAucGRmfDIwNmNiNTlhNDA5OTc3YWFmZDk4MWE1OWQyMTczMzcwZGVhMDU0MzY5MGU2YjY2OGExZjRjODcyMmYyMGQxNzI;;;Output Catalog;Output Catalog:Online;Resort-TL-MediaCode-resortMapPDF;;06.02.2016 11:33:02;8,877,078,118,430;;;;root;replicated273654712;he3/h8e/8877078118430.pdf;206cb59a409977aafd981a59d2173370dea0543690e6b668a1f4c8722f20d172;;;application/pdf;11.01.2017 01:17:15;;;8806557483038.pdf;true;;630,530;;
Item25;8877077233694.pdf;/medias/8806556598302.pdf?context=bWFzdGVyfHJvb3R8MjkyOTcyfGFwcGxpY2F0aW9uL3BkZnxoNTAvaGE1Lzg4NzcwNzcyMzM2OTQucGRmfDE5MWI0MzNlNzhkYzRkY2MwZDg4YmVkYTQ0ZmFmOTc3MmZkYWIwN2Y3NDJmZTUxZDE2NTM5MDViZGZmODViMjc;;;Output Catalog;Output Catalog:Online;Resort-SN-MediaCode-resortMapPDF;;06.02.2016 11:33:10;8,877,077,233,694;;;;root;replicated273654712;h50/ha5/8877077233694.pdf;191b433e78dc4dcc0d88beda44faf9772fdab07f742fe51d1653905bdff85b27;;;application/pdf;11.01.2017 01:17:02;;;8806556598302.pdf;true;;292,972;;
Item26;8882736234526.pdf;/medias/oceanWatchResortMap.pdf?context=bWFzdGVyfHJvb3R8MzE0NTIwMnxhcHBsaWNhdGlvbi9wZGZ8aDI1L2hkMi84ODgyNzM2MjM0NTI2LnBkZnxkYjM1Yjc4MDg3NDY5MGJiNDA2ZTNlZmYwMTZhZDNkMGYxYjNmNzU4OTcwMjQ3N2MyM2ZhNDFmNWNlMGIyZjJk;;;Output Catalog;Output Catalog:Online;Resort-OW-MediaCode-resortMapPDF;;06.02.2016 11:34:27;8,882,736,234,526;;;;root;replicated273654712;h25/hd2/8882736234526.pdf;db35b780874690bb406e3eff016ad3d0f1b3f7589702477c23fa41f5ce0b2f2d;;;application/pdf;24.01.2017 11:07:32;;;oceanWatchResortMap.pdf;true;;3,145,202;;
Item27;8877073793054.pdf;/medias/8806553157662.pdf?context=bWFzdGVyfHJvb3R8NDkxMzYyfGFwcGxpY2F0aW9uL3BkZnxoMmIvaGE5Lzg4NzcwNzM3OTMwNTQucGRmfDkwYjNlMGQwNTRhNjUzMjNlZWFkY2U2ODA0YWZhMThjYzU0MzgyYzI3ZjhhYjgwNzI5MzcxZjBhMGQyNDExNDY;;;Output Catalog;Output Catalog:Online;Resort-RO-MediaCode-resortMapPDF;;06.02.2016 11:35:28;8,877,073,793,054;;;;root;replicated273654712;h2b/ha9/8877073793054.pdf;90b3e0d054a65323eeadce6804afa18cc54382c27f8ab80729371f0a0d241146;;;application/pdf;11.01.2017 01:16:19;;;8806553157662.pdf;true;;491,362;;
Item28;8877075922974.pdf;/medias/8806555287582.pdf?context=bWFzdGVyfHJvb3R8MjI1MzQ4fGFwcGxpY2F0aW9uL3BkZnxoOTgvaDVlLzg4NzcwNzU5MjI5NzQucGRmfGU1ZTkxZDdlYzkwZjAwYTUwNTVjNmMzNDVkOGQ0YzcyZjZkNTIzMmI5NGVkYjllZjA2NGI4MTE5NTMyNTI5OWQ;;;Output Catalog;Output Catalog:Online;Resort-HE-MediaCode-resortMapPDF;;06.02.2016 11:35:13;8,877,075,922,974;;;;root;replicated273654712;h98/h5e/8877075922974.pdf;e5e91d7ec90f00a5055c6c345d8d4c72f6d5232b94edb9ef064b81195325299d;;;application/pdf;11.01.2017 01:16:40;;;8806555287582.pdf;true;;225,348;;
Item29;8891958689822.pdf;/medias/oceanPointeResortMap.pdf?context=bWFzdGVyfHJvb3R8MjUyOTU5fGFwcGxpY2F0aW9uL3BkZnxoMGMvaGZkLzg4OTE5NTg2ODk4MjIucGRmfDJjYjFjZDhjODcxNTU5NmFiMGI5ZTJiOWUzNDMxMGUyOGUxOGExMmQ3ZjgwNDcyZjQwYzdhNWJjODljODk3NGM;;;Output Catalog;Output Catalog:Online;Resort-PS-MediaCode-resortMapPDF;;06.02.2016 11:35:25;8,891,958,689,822;;;;root;replicated273654712;h0c/hfd/8891958689822.pdf;2cb1cd8c8715596ab0b9e2b9e34310e28e18a12d7f80472f40c7a5bc89c8974c;;;application/pdf;22.03.2017 12:44:09;;;oceanPointeResortMap.pdf;true;;252,959;;
Item30;8877077725214.pdf;/medias/8806557089822.pdf?context=bWFzdGVyfHJvb3R8MTY0NzIzfGFwcGxpY2F0aW9uL3BkZnxoZjUvaDY1Lzg4NzcwNzc3MjUyMTQucGRmfGE2ZTE1Mzg4NDU3ODg0YmJiMjdjMDFlNDhlZjBiNTc4ZTZkYjFjZTZiYzg3OGRlNzRlM2E1MzhmMGI3NWNkNTc;;;Output Catalog;Output Catalog:Online;Resort-SM-MediaCode-resortMapPDF;;06.02.2016 11:35:54;8,877,077,725,214;;;;root;replicated273654712;hf5/h65/8877077725214.pdf;a6e15388457884bbb27c01e48ef0b578e6db1ce6bc878de74e3a538f0b75cd57;;;application/pdf;11.01.2017 01:16:09;;;8806557089822.pdf;true;;164,723;;
Item31;8877073137694.pdf;/medias/8806552502302.pdf?context=bWFzdGVyfHJvb3R8MTU3MjAzfGFwcGxpY2F0aW9uL3BkZnxoMDAvaDBhLzg4NzcwNzMxMzc2OTQucGRmfDJhNTNhNWZkNDgyN2NkOWZlNGI3NDkwMTZkYzUyZjE4MWMwNzU5NjcwZDg5OGJiYWRjM2M2NTJkYWE3ZGYxMjY;;;Output Catalog;Output Catalog:Online;Resort-DE-MediaCode-resortMapPDF;;06.02.2016 11:34:08;8,877,073,137,694;;;;root;replicated273654712;h00/h0a/8877073137694.pdf;2a53a5fd4827cd9fe4b749016dc52f181c0759670d898bbadc3c652daa7df126;;;application/pdf;11.01.2017 01:16:50;;;8806552502302.pdf;true;;157,203;;
Item32;8899850698782.pdf;/medias/koOlinaBeachClubResortMap.pdf?context=bWFzdGVyfHJvb3R8MTI5MzA2NXxhcHBsaWNhdGlvbi9wZGZ8aDBjL2gwNy84ODk5ODUwNjk4NzgyLnBkZnw1ZjE2YmRkZmJjNTgxNGFmNzVmY2QwZjY2NGIyZWExNTVmNGQxYjAwM2VhM2RjMzdhZTc3Y2JkNzE5ZjgzNDg4;;;Output Catalog;Output Catalog:Online;Resort-KO-MediaCode-resortMapPDF;;06.02.2016 11:34:32;8,899,850,698,782;;;;root;replicated273654712;h0c/h07/8899850698782.pdf;5f16bddfbc5814af75fcd0f664b2ea155f4d1b003ea3dc37ae77cbd719f83488;;;application/pdf;23.05.2017 01:32:40;;;koOlinaBeachClubResortMap.pdf;true;;1,293,065;;
Item33;8877076709406.pdf;/medias/8806556074014.pdf?context=bWFzdGVyfHJvb3R8NTA3NzY0fGFwcGxpY2F0aW9uL3BkZnxoYTAvaDJlLzg4NzcwNzY3MDk0MDYucGRmfDQ1ZWM5ZmMxMDEyMmU2YzgwZGI1ZWM4ZWYyYmZjZjkyYmM0NDIxOGY2OTE3NTllMTc2Yjk4YzI5NzkwNzc4ODk;;;Output Catalog;Output Catalog:Online;Resort-MO-MediaCode-resortMapPDF;;06.02.2016 11:33:07;8,877,076,709,406;;;;root;replicated273654712;ha0/h2e/8877076709406.pdf;45ec9fc10122e6c80db5ec8ef2bfcf92bc44218f691759e176b98c2979077889;;;application/pdf;11.01.2017 01:17:01;;;8806556074014.pdf;true;;507,764;;
Item34;8877078380574.pdf;/medias/8806557745182.pdf?context=bWFzdGVyfHJvb3R8MzUzNzQyfGFwcGxpY2F0aW9uL3BkZnxoMmUvaGE4Lzg4NzcwNzgzODA1NzQucGRmfDk1MGYwNGU5OTViZTkzZGVmYmIxZDkyNTBlYzk4NTFiOTM2ZGZkYjY4M2FkMzMyYzgxMWM2MjU0ZjNhNjE1OTU;;;Output Catalog;Output Catalog:Online;Resort-DA-MediaCode-resortMapPDF;;06.02.2016 11:33:20;8,877,078,380,574;;;;root;replicated273654712;h2e/ha8/8877078380574.pdf;950f04e995be93defbb1d9250ec9851b936dfdb683ad332c811c6254f3a61595;;;application/pdf;11.01.2017 01:17:04;;;8806557745182.pdf;true;;353,742;;
Item35;8890273759262.pdf;/medias/LR-M-007-SiteMap-Layered-WB.pdf?context=bWFzdGVyfHJvb3R8MTk3Njg5fGFwcGxpY2F0aW9uL3BkZnxoYjkvaDgzLzg4OTAyNzM3NTkyNjIucGRmfDEyNTU1MTJlNzJmMmJlOWIyNGY1MTQ3YmQ0OTIwYWUwOTUyYjk5N2E1MGJkMTMzMDc2MzI3MTQyN2Q4NWFlYmY;;;Output Catalog;Output Catalog:Online;Resort-LR-MediaCode-resortMapPDF;;06.02.2016 11:34:41;8,890,273,759,262;;;;root;replicated273654712;hb9/h83/8890273759262.pdf;1255512e72f2be9b24f5147bd4920ae0952b997a50bd1330763271427d85aebf;;;application/pdf;02.03.2017 03:18:36;;;LR-M-007_SiteMap_Layered_WB.pdf;true;;197,689;;
Item36;8877073661982.pdf;/medias/8806553026590.pdf?context=bWFzdGVyfHJvb3R8MjA1MjA3fGFwcGxpY2F0aW9uL3BkZnxoNTEvaDk2Lzg4NzcwNzM2NjE5ODIucGRmfDZlNTRhMTFjMDg4M2VkODMwMmZmYTc2ZDJiOTMwMjcwNDY4MWRhOGJmOWY5YmFjOGQxYzdiYTcwNTQ0ZTkwNzE;;;Output Catalog;Output Catalog:Online;Resort-NC-MediaCode-resortMapPDF;;06.02.2016 11:35:20;8,877,073,661,982;;;;root;replicated273654712;h51/h96/8877073661982.pdf;6e54a11c0883ed8302ffa76d2b9302704681da8bf9f9bac8d1c7ba70544e9071;;;application/pdf;11.01.2017 01:16:06;;;8806553026590.pdf;true;;205,207;;
Item37;8877073268766.pdf;/medias/8806552633374.pdf?context=bWFzdGVyfHJvb3R8NTE5MzYwfGFwcGxpY2F0aW9uL3BkZnxoYjcvaDliLzg4NzcwNzMyNjg3NjYucGRmfGEwOTBmNjI1MTc2ODlkOTQ2ZTk1MzU4YWY1ZjJhMDAxZTBkMDQ4NzNjNGMxYjk5YTk3NzczMzBhNTVmOTQ0YTQ;;;Output Catalog;Output Catalog:Online;Resort-HO-MediaCode-resortMapPDF;;06.02.2016 11:34:20;8,877,073,268,766;;;;root;replicated273654712;hb7/h9b/8877073268766.pdf;a090f62517689d946e95358af5f2a001e0d04873c4c1b99a9777330a55f944a4;;;application/pdf;11.01.2017 01:17:19;;;8806552633374.pdf;true;;519,360;;
Item38;8881517494302.pdf;/medias/shadowRidgeResortMap.pdf?context=bWFzdGVyfHJvb3R8NDIxNDA4fGFwcGxpY2F0aW9uL3BkZnxoOTMvaGE0Lzg4ODE1MTc0OTQzMDIucGRmfDUxOTdkZjE2ZTVjMjEzOWYzZWY3YWQ5ZTQ3MmVmYzZlNzJkZmQ1YjhmNTg1MjdlMDcxNWUzYTczMjdjZGI4MDY;;;Output Catalog;Output Catalog:Online;Resort-SR-MediaCode-resortMapPDF;;06.02.2016 11:34:54;8,881,517,494,302;;;;root;replicated273654712;h93/ha4/8881517494302.pdf;5197df16e5c2139f3ef7ad9e472efc6e72dfd5b8f58527e0715e3a7327cdb806;;;application/pdf;23.01.2017 02:44:21;;;shadowRidgeResortMap.pdf;true;;421,408;;
Item39;8877076185118.pdf;/medias/8806555549726.pdf?context=bWFzdGVyfHJvb3R8NzQ1NDQ4fGFwcGxpY2F0aW9uL3BkZnxoNTcvaDc5Lzg4NzcwNzYxODUxMTgucGRmfGNiYjhjOTJhMjk3ZGJkMjZjMjgwODVhMWRmZjMxMWY0ZTQ1ZDViYmZkOTEyZTljYmIxODNhODhjNTZkYzg2MDI;;;Output Catalog;Output Catalog:Online;Resort-KN-MediaCode-resortMapPDF;;06.02.2016 11:32:47;8,877,076,185,118;;;;root;replicated273654712;h57/h79/8877076185118.pdf;cbb8c92a297dbd26c28085a1dff311f4e45d5bbfd912e9cbb183a88c56dc8602;;;application/pdf;11.01.2017 01:16:40;;;8806555549726.pdf;true;;745,448;;
Item40;8877076447262.pdf;/medias/8806555811870.pdf?context=bWFzdGVyfHJvb3R8MjI5MjcwMnxhcHBsaWNhdGlvbi9wZGZ8aGY2L2hiNy84ODc3MDc2NDQ3MjYyLnBkZnxkZWIzNzNlZmQxZDY2N2VhYTEzOTI3MDkzYzc2NzRjYjdmNWViYTM2NTAwMzQ2ZDcwMzJmNjliMWM5YzIyMzUw;;;Output Catalog;Output Catalog:Online;Resort-LE-MediaCode-resortMapPDF;;06.02.2016 11:32:26;8,877,076,447,262;;;;root;replicated273654712;hf6/hb7/8877076447262.pdf;deb373efd1d667eaa13927093c7674cb7f5eba36500346d7032f69b1c9c22350;;;application/pdf;11.01.2017 01:17:08;;;8806555811870.pdf;true;;2,292,702;;
Item41;8877076840478.pdf;/medias/151600-MVL-M-005-SiteMap-LayeredWB.pdf?context=bWFzdGVyfHJvb3R8MTA0MTIzMnxhcHBsaWNhdGlvbi9wZGZ8aDYyL2g3Yy84ODc3MDc2ODQwNDc4LnBkZnw4NTE5MDQ5ZTRlYWUzMWVkOTNlODY3ODQwOWMyYWY0Nzc1MjhjZWM3ZDY0YzNmZWU4MmU0ODk3OGViOWQxMjdm;;;Output Catalog;Output Catalog:Online;Resort-MV-MediaCode-resortMapPDF;;06.02.2016 11:32:29;8,877,076,840,478;;;;root;replicated273654712;h62/h7c/8877076840478.pdf;8519049e4eae31ed93e8678409c2af477528cec7d64c3fee82e48978eb9d127f;;;application/pdf;11.01.2017 01:17:15;;;151600_MVL-M-005_SiteMap_LayeredWB.pdf;true;;1,041,232;;
Item42;8877078249502.pdf;/medias/8806557614110.pdf?context=bWFzdGVyfHJvb3R8ODQ4MTEzfGFwcGxpY2F0aW9uL3BkZnxoZDMvaDAyLzg4NzcwNzgyNDk1MDIucGRmfGViODNmMWYxOGRiY2FhYTRlMTg5NDRlMTViODA3YjFkMTVhNmUyZTNmYTVjOTFlOTY3MjQxOTE1YzliNDU0MTk;;;Output Catalog;Output Catalog:Online;Resort-DP-MediaCode-resortMapPDF;;06.02.2016 11:34:48;8,877,078,249,502;;;;root;replicated273654712;hd3/h02/8877078249502.pdf;eb83f1f18dbcaaa4e18944e15b807b1d15a6e2e3fa5c91e967241915c9b45419;;;application/pdf;11.01.2017 01:17:13;;;8806557614110.pdf;true;;848,113;;
Item43;8890768130078.pdf;/medias/kauaiBeachClubResortMap.pdf?context=bWFzdGVyfHJvb3R8NzUxMzJ8YXBwbGljYXRpb24vcGRmfGg3YS9oNGIvODg5MDc2ODEzMDA3OC5wZGZ8MWQ1NmQ0N2Y2ZGM2ODc2OTJiOGE2MjIxOTY5NDQ5OTE3YWI3YmJiMDVhOGM3NzRkZjg2YWEwYjhjODZhOGFiOQ;;;Output Catalog;Output Catalog:Online;Resort-KA-MediaCode-resortMapPDF;;06.02.2016 11:35:10;8,890,768,130,078;;;;root;replicated273654712;h7a/h4b/8890768130078.pdf;1d56d47f6dc687692b8a6221969449917ab7bbb05a8c774df86aa0b8c86a8ab9;;;application/pdf;22.03.2017 12:44:09;;;kauaiBeachClubResortMap.pdf;true;;75,132;;
Item44;8877076578334.pdf;/medias/8806555942942.pdf?context=bWFzdGVyfHJvb3R8NjQ5NDc1fGFwcGxpY2F0aW9uL3BkZnxoNTEvaGI2Lzg4NzcwNzY1NzgzMzQucGRmfDY4OWIwNzNlZGFlOWUwZGMzMjZhMDU3Nzg1MjMwNWYwMDBjYzZiM2QxNjIxZGIyMGY3NzIzMGQ5OWEyMjY2YWM;;;Output Catalog;Output Catalog:Online;Resort-MA-MediaCode-resortMapPDF;;06.02.2016 11:35:16;8,877,076,578,334;;;;root;replicated273654712;h51/hb6/8877076578334.pdf;689b073edae9e0dc326a0577852305f000cc6b3d1621db20f77230d99a2266ac;;;application/pdf;11.01.2017 01:16:38;;;8806555942942.pdf;true;;649,475;;
Item45;8877077856286.pdf;/medias/8806557220894.pdf?context=bWFzdGVyfHJvb3R8Mjc4NzUyfGFwcGxpY2F0aW9uL3BkZnxoZTkvaDFiLzg4NzcwNzc4NTYyODYucGRmfGVhZDE1YTMxMzE3ZDEzM2JkNGM5MmRkMzUxYWZiYmQzYTkyZjg0ODNiMjkwYWIxODE3OTBlN2QzMWUxMmJhNGY;;;Output Catalog;Output Catalog:Online;Resort-SU-MediaCode-resortMapPDF;;06.02.2016 11:32:38;8,877,077,856,286;;;;root;replicated273654712;he9/h1b/8877077856286.pdf;ead15a31317d133bd4c92dd351afbbd3a92f8483b290ab181790e7d31e12ba4f;;;application/pdf;11.01.2017 01:16:55;;;8806557220894.pdf;true;;278,752;;
Item46;8918778773534.pdf;/medias/150460-LE-M-003-SiteMap-LayeredWB.pdf?context=bWFzdGVyfGltYWdlc3wxMzM0ODMwfGFwcGxpY2F0aW9uL3BkZnxpbWFnZXMvaGY0L2g4ZS84OTE4Nzc4NzczNTM0LnBkZnw5NzI1NTY5YTkyNjI0ZDZhYTZjNGM0MGE4MmQxMDQ2NWU2MDI0NmFiN2JiZTA3MjNjMzFmNmRjMWQ2NGYwNzFm;150460_LE-M-003_SiteMap_LayeredWB.pdf;;Output Catalog;Output Catalog:Online;150460_LE-M-003_SiteMap_LayeredWB.pdf;;07.11.2017 09:20:22;8,918,778,773,534;;;150460_LE-M-003_SiteMap_LayeredWB.pdf;images;replicated273654712;images/hf4/h8e/8918778773534.pdf;9725569a92624d6aa6c4c40a82d10465e60246ab7bbe0723c31f6dc1d64f071f;;;application/pdf;07.11.2017 09:20:22;;;150460_LE-M-003_SiteMap_LayeredWB.pdf;true;;1,334,830;;
Item47;8877072449566.pdf;/medias/8806551814174.pdf?context=bWFzdGVyfHJvb3R8MTAwNjk4OHxhcHBsaWNhdGlvbi9wZGZ8aDJiL2hlZS84ODc3MDcyNDQ5NTY2LnBkZnwzZWFkNDNjMWVhYjFhYTQ3MmNlMmRhYjZhNjZjNzk5MmRjMTgwNzQxNzJlYmRiZTkwMGRmN2M5YzkxNTgyNmFk;;;Output Catalog;Output Catalog:Online;Resort-MB-MediaCode-resortMapPDF;;06.02.2016 11:32:51;8,877,072,449,566;;;;root;replicated273654712;h2b/hee/8877072449566.pdf;3ead43c1eab1aa472ce2dab6a66c7992dc18074172ebdbe900df7c9c915826ad;;Resort-MB-MediaFormat-resortMapPDF;application/pdf;11.01.2017 01:16:43;;;8806551814174.pdf;true;;1,006,988;;
Item48;8877077594142.pdf;/medias/8806556958750.pdf?context=bWFzdGVyfHJvb3R8MTYxMzgyMXxhcHBsaWNhdGlvbi9wZGZ8aDE4L2hiNS84ODc3MDc3NTk0MTQyLnBkZnwzNDI2OTM5NGNmNDc3MTVjZDQ1NDg4ZWU0NTFjYjhmNGZjMjkwYTQyYTBmY2M2ODhhMTMyODJjOTk1ODY3ODdl;;;Output Catalog;Output Catalog:Online;Resort-KT-MediaCode-resortMapPDF;;06.02.2016 11:32:32;8,877,077,594,142;;;;root;replicated273654712;h18/hb5/8877077594142.pdf;34269394cf47715cd45488ee451cb8f4fc290a42a0fcc688a13282c99586787e;;;application/pdf;11.01.2017 01:16:52;;;8806556958750.pdf;true;;1,613,821;;
Item49;8890269401118.pdf;/medias/SFW-M-003-SiteMap-WB.pdf?context=bWFzdGVyfHJvb3R8MzU2NjM1N3xhcHBsaWNhdGlvbi9wZGZ8aDYyL2hmMi84ODkwMjY5NDAxMTE4LnBkZnw2YTQ0ZTMwNzFkYWVjMjliYTAxMjg3YTE2NGZiMmQ2ZGFjMTNjNGUzN2ZjMzdhNTA2OTJmNWM5ZGM3YjdjNWQw;;;Output Catalog;Output Catalog:Online;Resort-SF-MediaCode-resortMapPDF;;06.02.2016 11:35:56;8,890,269,401,118;;;;root;replicated273654712;h62/hf2/8890269401118.pdf;6a44e3071daec29ba01287a164fb2d6dac13c4e37fc37a50692f5c9dc7b7c5d0;;;application/pdf;02.03.2017 02:15:36;;;SFW-M-003_SiteMap_WB.pdf;true;;3,566,357;;
Item50;8877074677790.pdf;/medias/8806554042398.pdf?context=bWFzdGVyfHJvb3R8MzkyOTgwfGFwcGxpY2F0aW9uL3BkZnxoZDgvaDM1Lzg4NzcwNzQ2Nzc3OTAucGRmfDg0MDQ0Y2M0ZTY3MTk3ZGE5YzkxYjgwZTQ4ZmI5YzMyMDYxMjhlY2YzMWViMmM0YTY4ODcyMzhlNjY3OWZlNTQ;;;Output Catalog;Output Catalog:Online;Resort-BP-MediaCode-resortMapPDF;;06.02.2016 11:33:32;8,877,074,677,790;;;;root;replicated273654712;hd8/h35/8877074677790.pdf;84044cc4e67197da9c91b80e48fb9c3206128ecf31eb2c4a6887238e6679fe54;;;application/pdf;11.01.2017 01:17:16;;;8806554042398.pdf;true;;392,980;;
Item51;8890769080350.pdf;/medias/fairwayVillasResortMap.pdf?context=bWFzdGVyfHJvb3R8MTkyMzY3fGFwcGxpY2F0aW9uL3BkZnxoZTcvaDA5Lzg4OTA3NjkwODAzNTAucGRmfDk1YzQ0MWY1NTY1MTg1NDc2MjZkYzUyN2YzMWE0OWMzNTVjYTQ5M2VlZTA2Mjg3ZWM2YzJmNjk4MDQyZTRmOWY;;;Output Catalog;Output Catalog:Online;Resort-FW-MediaCode-resortMapPDF;;06.02.2016 11:34:13;8,890,769,080,350;;;;root;replicated273654712;he7/h09/8890769080350.pdf;95c441f556518547626dc527f31a49c355ca493eee06287ec6c2f698042e4f9f;;;application/pdf;22.03.2017 12:44:09;;;fairwayVillasResortMap.pdf;true;;192,367;;
Item52;8883300073502.pdf;/medias/sabalPalmsResortMap.pdf?context=bWFzdGVyfHJvb3R8MjQ2OTMwfGFwcGxpY2F0aW9uL3BkZnxoOTIvaDRlLzg4ODMzMDAwNzM1MDIucGRmfDA1OWMwZjNlYjQ2Yzk1MWI0NTc5YWExOWQwMjJhNDBlM2I5ZjdkYzQ0MWQ5YTFkZDJmOTI3OWUxOWNmMWRhMGU;;;Output Catalog;Output Catalog:Online;Resort-SA-MediaCode-resortMapPDF;;06.02.2016 11:35:31;8,883,300,073,502;;;;root;replicated273654712;h92/h4e/8883300073502.pdf;059c0f3eb46c951b4579aa19d022a40e3b9f7dc441d9a1dd2f9279e19cf1da0e;;;application/pdf;26.01.2017 10:42:43;;;sabalPalmsResortMap.pdf;true;;246,930;;
Item53;8913921835038.pdf;/medias/surfersParadiseResortMap.pdf?context=bWFzdGVyfGltYWdlc3w5MDEwMXxhcHBsaWNhdGlvbi9wZGZ8aW1hZ2VzL2hiNC9oMjUvODkxMzkyMTgzNTAzOC5wZGZ8Mzc5ODY5YTNhNWMyZjhmZmI2YTBlYzgwYzQxMmJiZmViYmJjNjljNTA3YmY3MGI2ZDM5MzM3YThkODU3M2E1ZQ;surfersParadiseResortMap.pdf;;Output Catalog;Output Catalog:Online;surfersParadiseResortMap.pdf;;28.09.2017 11:08:27;8,913,921,835,038;;;surfersParadiseResortMap.pdf;images;replicated273654712;images/hb4/h25/8913921835038.pdf;379869a3a5c2f8ffb6a0ec80c412bbfebbbc69c507bf70b6d39337a8d8573a5e;;;application/pdf;28.09.2017 11:08:27;;;surfersParadiseResortMap.pdf;true;;90,101;;
